Principio,Nombre,Contenido,Titular,Uso
ANASTROZOL,ANASTROZOL , COMPRIMIDOS RECUBIERTOS 1 mg,SYNTHON  CHILE LTDA.,Cáncer de mama
ANASTROZOL,MADELEN , COMPRIMIDOS RECUBIERTOS 1 mg,SYNTHON  CHILE LTDA.,Cáncer de mama
ESCITALOPRAM,NEOPRESOL , COMPRIMIDOS RECUBIERTOS 10 mg,LABORATORIO BAGÓ DE CHILE S.A.,Antidepresivo
ABACAVIR,MESABEX , COMPRIMIDOS RECUBIERTOS 300 mg,LABORATORIOS LAFI LTDA.,tratamiento de VIH/SIDA
QUETIAPINA,GOFYL , COMPRIMIDOS RECUBIERTOS 25 mg,AXON PHARMA S.p.A.,Trastornos mentales
QUETIAPINA,GOFYL , COMPRIMIDOS RECUBIERTOS 200 mg,AXON PHARMA SPA.,Trastornos mentales
QUETIAPINA,GOFYL , COMPRIMIDOS RECUBIERTOS 100 mg,AXON PHARMA SPA.,Trastornos mentales
CICLOBENZAPRINA,TENSIOMAX , COMPRIMIDOS RECUBIERTOS 10 mg,LABORATORIO BAGÓ DE CHILE S.A.,Relajante muscular
CLORFENAMINA,CLORFENAMINA MALEATO , COMPRIMIDOS RECUBIERTOS 4 mg,LABORATORIOS ANDRÓMACO S.A.,Antialérgico
BICALUTAMIDA,BIOLEV , COMPRIMIDOS RECUBIERTOS 150 mg,SYNTHON  CHILE LTDA.,Cáncer de próstata
DESLORATADINA,NEOLARMAX , COMPRIMIDOS RECUBIERTOS 5 mg,LABORATORIOS ANDRÓMACO S.A.,Antialérgico
BICALUTAMIDA,BIOLEV , COMPRIMIDOS RECUBIERTOS  50 mg,SYNTHON  CHILE LTDA.,Cáncer de próstata
CICLOSPORINA,EQUORAL , CÁPSULAS BLANDAS 100 mg,LABORATORIO CHILE S.A.,Trasplante de órganos
CLORFENAMINA,HISTAFED , COMPRIMIDOS 4 mg,LABORATORIOS  MDK S.A.,Antialérgico
LETROZOL,TIADIS  , COMPRIMIDOS RECUBIERTOS  2 5 mg,SYNTHON  CHILE LTDA.,Cáncer de mama
PRAMIPEXOL,MUVEND  , COMPRIMIDOS  25 mg,SYNTHON  CHILE LTDA.,Tratamiento de Parkinson
DONEPECILO,EVIMAL , COMPRIMIDOS RECUBIERTOS 10 mg,LABORATORIOS ANDRÓMACO S.A.,Tratamiento de Alzheimer
OLANZAPINA,OLANZYL , COMPRIMIDOS RECUBIERTOS 10 mg,AXON PHARMA SPA.,Tratamiento de esquizofrenia
CICLOSPORINA,EQUORAL , CÁPSULAS BLANDAS 25 mg,LABORATORIO CHILE S.A.,Trasplante de órganos
CICLOSPORINA,EQUORAL , CÁPSULAS BLANDAS 50 mg,LABORATORIO CHILE S.A.,Trasplante de órganos
MICOFENOLATO MOFETILO,SUPRIMUN , COMPRIMIDOS RECUBIERTOS 500 mg,ETEX FARMACÉUTICA LTDA.,Trasplante de órganos
EFAVIRENZ,VOVIRENS , COMPRIMIDOS RECUBIERTOS 600 mg,OPKO CHILE S.A.,tratamiento de VIH/SIDA
ALPRAZOLAM,TRANQUINAL , COMPRIMIDOS 5 mg,LABORATORIO BAGÓ DE CHILE S.A.,Ansiedad
CLORFENAMINA,CLORFENAMINA MALEATO , COMPRIMIDOS 4 mg,LABORATORIO CHILE S.A.,Antialérgico
VENLAFAXINA,NERVIX , COMPRIMIDOS RECUBIERTOS 75 mg,LABORATORIO BAGÓ DE CHILE S.A.,Antidepresivo
CLORFENAMINA,PRODEL , COMPRIMIDOS 4 mg,LABORATORIO PASTEUR S.A.,Antialérgico
OLANZAPINA,OLANZYL , COMPRIMIDOS RECUBIERTOS 5 mg,AXON PHARMA SPA.,Tratamiento de esquizofrenia
FLUOXETINA,LIVERTOX , COMPRIMIDOS RECUBIERTOS 20 mg,LABORATORIO BAGÓ DE CHILE S.A.,Antidepresivo
LAMIVUDINA + ZIDOVUDINA,LAMIVUDINA ZIDOVUDINA , COMPRIMIDOS RECUBIERTOS,OPKO CHILE S.A.,tratamiento de VIH/SIDA
MICOFENOLATO MOFETILO,MICOFENOLATO MOFETILO , CÁPSULAS 250 mg,LABORATORIO CHILE S.A.,Trasplante de órganos
MICOFENOLATO MOFETILO,MICOFENOLATO MOFETILO , COMPRIMIDOS RECUBIERTOS 500 mg,LABORATORIO CHILE S.A.,Trasplante de órganos
LAMIVUDINA,LAMIVUDINA , COMPRIMIDOS RECUBIERTOS 150 mg,OPKO CHILE S.A.,tratamiento de VIH/SIDA
NEVIRAPINA,NEVIRAPINA , COMPRIMIDOS 200 mg,OPKO CHILE S.A.,tratamiento de VIH/SIDA
LAMIVUDINA,MIXOVIR , COMPRIMIDOS RECUBIERTOS 150 mg,LABORATORIOS ANDRÓMACO S.A.,tratamiento de VIH/SIDA
LAMIVUDINA + ZIDOVUDINA,BIVIR , COMPRIMIDOS RECUBIERTOS,LABORATORIOS ANDRÓMACO S.A.,tratamiento de VIH/SIDA
NEVIRAPINA,NEVIRAPINA , COMPRIMIDOS 200 mg,LABORATORIOS ANDRÓMACO S.A.,tratamiento de VIH/SIDA
ZIDOVUDINA,MANTAVIRAL , COMPRIMIDOS RECUBIERTOS 300 mg,LABORATORIOS ANDRÓMACO S.A.,tratamiento de VIH/SIDA
LAMIVUDINA + ZIDOVUDINA,LAMIVUDINA ZIDOVUDINA 150/300 , COMPRIMIDOS RECUBIERTOS,LABORATORIOS ANDRÓMACO S.A.,tratamiento de VIH/SIDA
LAMIVUDINA,LAMIVUDINA , COMPRIMIDOS RECUBIERTOS 150 mg,LABORATORIOS ANDRÓMACO S.A.,tratamiento de VIH/SIDA
PREDNISONA,PREDNISONA , COMPRIMIDOS 5 mg,MINTLAB Co. S.A.,Corticoterapia
CLORFENAMINA,CLORFENAMINA MALEATO , COMPRIMIDOS 4 mg,MINTLAB  CO. S.A.,Antialérgico
CLORFENAMINA,NIPOLEN , COMPRIMIDOS 4 mg,MINTLAB  CO. S.A.,Antialérgico
ZIDOVUDINA,ZIDOVUDINA , COMPRIMIDOS RECUBIERTOS 300 mg,MASTER CARE S.A.,tratamiento de VIH/SIDA
NEVIRAPINA,NEVAVIR , COMPRIMIDOS 200 mg,MASTER CARE S.A.,tratamiento de VIH/SIDA
NEVIRAPINA,NEVIRAPINA , COMPRIMIDOS 200 mg,MASTER CARE S.A.,tratamiento de VIH/SIDA
LAMIVUDINA,XIMAVIR , COMPRIMIDOS RECUBIERTOS 150 mg,MASTER CARE S.A.,tratamiento de VIH/SIDA
LAMIVUDINA + ZIDOVUDINA,MAXIVIR , COMPRIMIDOS RECUBIERTOS,MASTER CARE S.A.,tratamiento de VIH/SIDA
LAMIVUDINA,LAMIVUDINA , COMPRIMIDOS RECUBIERTOS 150 mg,MASTER CARE S.A.,tratamiento de VIH/SIDA
ZIDOVUDINA,AZAVIRAL , COMPRIMIDOS RECUBIERTOS 300 mg,MASTER CARE S.A.,tratamiento de VIH/SIDA
LAMIVUDINA + ZIDOVUDINA,BIVIR , COMPRIMIDOS RECUBIERTOS,LABORATORIOS ANDRÓMACO S.A.,tratamiento de VIH/SIDA
CLORFENAMINA,CLORFENAMINA MALEATO , COMPRIMIDOS 4 mg,LABORATORIO MAVER S.A.,Antialérgico
TACROLIMÚS,CIDIMUS , CÁPSULAS 5 mg,NOVARTIS CHILE S.A.,Trasplante de órganos
PREDNISONA,PREDNISONA , COMPRIMIDOS 5 mg,LABORATORIO CHILE S.A.,Corticoterapia
ZIDOVUDINA,ZIDOVUDINA , COMPRIMIDOS RECUBIERTOS 300 mg,LABORATORIOS ANDRÓMACO S.A.,tratamiento de VIH/SIDA
MICOFENOLATO MOFETILO,LAMUCON , COMPRIMIDOS RECUBIERTOS 500 mg,NOVARTIS CHILE S.A.,Trasplante de órganos
MICOFENOLATO MOFETILO,LAMUCON , CÁPSULAS 250 mg,NOVARTIS CHILE S.A.,Trasplante de órganos
RISPERIDONA,RISPYL , COMPRIMIDOS RECUBIERTOS 2 mg,AXON PHARMA SPA.,Trastornos mentales
RISPERIDONA,RISPYL , COMPRIMIDOS RECUBIERTOS 1 mg ,AXON PHARMA SPA.,Trastornos mentales
MICOFENOLATO MOFETILO,SUPRIMUN , CÁPSULAS 250 mg,ETEX FARMACÉUTICA LTDA.,Trasplante de órganos
CLORFENAMINA,CLORFENAMINA MALEATO , COMPRIMIDOS 4 mg,SYNTHON CHILE LTDA.,Antialérgico
RISPERIDONA,RISPYL , COMPRIMIDOS RECUBIERTOS 3 mg,AXON PHARMA SPA.,Trastornos mentales
TACROLIMÚS,CIDIMUS , CÁPSULAS 1 mg,NOVARTIS CHILE S.A.,Trasplante de órganos
PREGABALINA,PREGALEX , COMPRIMIDOS 150 mg,LABORATORIOS ANDRÓMACO S.A.,Antiepiléptico - Dolores neurólgicos
PREGABALINA,PREGALEX , COMPRIMIDOS 75 mg.,LABORATORIOS ANDRÓMACO S.A.,Antiepiléptico - Dolores neurólgicos
CLORFENAMINA,SCADAN , COMPRIMIDOS 4 mg,MEDIPHARM LTDA.,Antialérgico
METFORMINA CLORHIDRATO,ANDIBET , COMPRIMIDOS RECUBIERTOS 850 mg,CHEMOPHARMA S.A.,Tratamiento de Diabetes Mellitus
METFORMINA CLORHIDRATO,METFORMINA CLORHIDRATO , COMPRIMIDOS RECUBIERTOS 850 mg,INSTITUTO SANITAS S.A.,Tratamiento de Diabetes Mellitus
LOSARTÁN,CORSALUX , COMPRIMIDOS RECUBIERTOS  50 mg,NOVARTIS CHILE S.A.,Hipertensión arterial
PAROXETINA,DRIMPAX , COMPRIMIDOS RECUBIERTOS 20 mg,SYNTHON  CHILE LTDA.,Antidepresivo
CLOPIDOGREL,PICLOKARE , COMPRIMIDOS RECUBIERTOS 75 mg,ETEX FARMACÉUTICA LTDA.,Antiagregante plaquetario
EXEMESTANO,NODUTAX , COMPRIMIDOS RECUBIERTOS 25 mg,SYNTHON  CHILE LTDA.,Cáncer de mama
BICALUTAMIDA,BICALUTAMIDA , COMPRIMIDOS RECUBIERTOS 50 mg,FRESENIUS KABI CHILE LTDA.,Cáncer de próstata
LETROZOL,LETROZOL , COMPRIMIDOS RECUBIERTOS 5 mg,FRESENIUS KABI CHILE LTDA.,Cáncer de mama
METFORMINA CLORHIDRATO,OXEMET , COMPRIMIDOS RECUBIERTOS 500 mg,GLAXOSMITHKLINE CHILE FARMACÉUTICA LTDA.,Tratamiento de Diabetes Mellitus
METFORMINA CLORHIDRATO,OXEMET , COMPRIMIDOS RECUBIERTOS 850 mg,GLAXOSMITHKLINE CHILE FARMACÉUTICA LTDA.,Tratamiento de Diabetes Mellitus
ANASTROZOL,ANASTROZOL , COMPRIMIDOS RECUBIERTOS 1 mg,FRESENIUS KABI CHILE LTDA.,Cáncer de mama
CLONAZEPAM,CLOZANIL , COMPRIMIDOS 5 mg,INSTITUTO SANITAS S.A.,Ansiedad
ATORVASTATINA,LOWDEN , COMPRIMIDOS RECUBIERTOS 40 mg,EUROLAB LTDA.,Disminución del colesterol
CLONAZEPAM,CLOZANIL , COMPRIMIDOS 2 mg,INSTITUTO SANITAS S.A.,Ansiedad
LOSARTÁN,LOSARTÁN POTÁSICO , COMPRIMIDOS RECUBIERTOS 50 mg,OPKO CHILE S.A.,Hipertensión arterial
ATORVASTATINA,LIPOX , COMPRIMIDOS RECUBIERTOS 80 mg,LABORATORIO CHILE S.A.,Disminución del colesterol
ATORVASTATINA,LIPOX , COMPRIMIDOS RECUBIERTOS 10 mg,LABORATORIO CHILE S.A.,Disminución del colesterol
ATORVASTATINA,ATORVASTATINA , COMPRIMIDOS RECUBIERTOS 10 mg,LABORATORIO CHILE S.A.,Disminución del colesterol
ATORVASTATINA,LIPOX , COMPRIMIDOS RECUBIERTOS 20 mg,LABORATORIO CHILE S.A.,Disminución del colesterol
ATORVASTATINA,LIPOX , COMPRIMIDOS RECUBIERTOS 40 mg,LABORATORIO CHILE S.A.,Disminución del colesterol
ATORVASTATINA,ATORVASTATINA , COMPRIMIDOS RECUBIERTOS 80 mg,LABORATORIO CHILE S.A.,Disminución del colesterol
ATORVASTATINA,ATORVASTATINA , COMPRIMIDOS RECUBIERTOS 40 mg,LABORATORIO CHILE S.A.,Disminución del colesterol
ATORVASTATINA,ATORVASTATINA , COMPRIMIDOS RECUBIERTOS 20 mg,LABORATORIO CHILE S.A.,Disminución del colesterol
TACROLIMÚS,T- INMUN , CÁPSULAS 1 mg,LABORATORIOS RECALCINE S.A.,Trasplante de órganos
CARBAMAZEPINA,CARBAMAZEPINA , COMPRIMIDOS 200 mg,LABORATORIO CHILE S.A.,Antiepiléptico - Estabilizador del estado de ánimo
MICOFENOLATO MOFETILO,LINFONEX , COMPRIMIDOS RECUBIERTOS 500 mg,LABORATORIOS RECALCINE S.A.,Trasplante de órganos
GLIBENCLAMIDA,GLIBENCLAMIDA , COMPRIMIDOS 5 mg,LABORATORIO CHILE S.A.,Tratamiento de Diabetes Mellitus
PREDNISONA,CORTIPREX , COMPRIMIDOS RECUBIERTOS 20 mg,LABORATORIO CHILE S.A.,Corticoterapia
CIPROFLOXACINO,CIPROFLOXACINO , COMPRIMIDOS RECUBIERTOS 500 mg,LABORATORIO CHILE S.A.,Antibiótico
PREDNISONA,PREDNISONA , COMPRIMIDOS 20 mg,LABORATORIOS ANDRÓMACO S.A.,Corticoterapia
PREDNISONA,PREDNISONA , COMPRIMIDOS RECUBIERTOS 20 mg,LABORATORIO CHILE S.A.,Corticoterapia
CIPROFLOXACINO,GRIFOCIPROX , COMPRIMIDOS RECUBIERTOS 500 mg,LABORATORIO CHILE S.A.,Antibiótico
LEVOTIROXINA,LEVOTIROXINA SÓDICA , COMPRIMIDOS 100 mcg,LABORATORIO CHILE S.A.,Tratamiento de Hipotiroidismo
PREDNISONA,CORTIPREX , COMPRIMIDOS 5 mg,LABORATORIO CHILE S.A.,Corticoterapia
METFORMINA CLORHIDRATO,HIPOGLUCIN , COMPRIMIDOS RECUBIERTOS 850 mg,LABORATORIO CHILE S.A.,Tratamiento de Diabetes Mellitus
CICLOSPORINA,SIGMASPORIN MICRORAL , CÁPSULAS BLANDAS 100 mg,LIBRA CHILE S.A.,Trasplante de órganos
AMLODIPINO,LOMAKARE , COMPRIMIDOS 10 mg,ETEX FARMACÉUTICA LTDA.,Hipertensión arterial - Angina de pecho
CIPROFLOXACINO,TIGINA , COMPRIMIDOS RECUBIERTOS 500 mg,INTERPHARMA S.A.,Antibiótico
QUETIAPINA,QUETKARE  , COMPRIMIDOS RECUBIERTOS 25 mg,ETEX FARMACÉUTICA LTDA.,Trastornos mentales
ATORVASTATINA,ORVAKARE , COMPRIMIDOS RECUBIERTOS 40 mg,ETEX FARMACÉUTICA LTDA.,Disminución del colesterol
METFORMINA CLORHIDRATO,GLICENEX , COMPRIMIDOS RECUBIERTOS 500 mg,LABORATORIO BAGÓ DE CHILE S.A.,Tratamiento de Diabetes Mellitus
METFORMINA CLORHIDRATO,GLICENEX , COMPRIMIDOS RECUBIERTOS 850 mg,LABORATORIO BAGÓ DE CHILE S.A.,Tratamiento de Diabetes Mellitus
METFORMINA CLORHIDRATO,METFORMINA CLORHIDRATO , COMPRIMIDOS RECUBIERTOS 850 mg,LABORATORIOS ANDRÓMACO S.A.,Tratamiento de Diabetes Mellitus
EFAVIRENZ,EFAVIRENZ , COMPRIMIDOS RECUBIERTOS 600 mg,MASTER CARE S.A.,tratamiento de VIH/SIDA
EFAVIRENZ,RIBOTEX , COMPRIMIDOS RECUBIERTOS 600 mg,MASTER CARE S.A.,tratamiento de VIH/SIDA
METFORMINA CLORHIDRATO,GLIFORTEX , COMPRIMIDOS RECUBIERTOS 850 mg,LABORATORIOS ANDRÓMACO S.A.,Tratamiento de Diabetes Mellitus
METFORMINA CLORHIDRATO,METFORMINA CLORHIDRATO , COMPRIMIDOS RECUBIERTOS 850 mg,LABORATORIOS  EUROMED CHILE S.A.,Tratamiento de Diabetes Mellitus
METFORMINA CLORHIDRATO,METFORMINA CLORHIDRATO , COMPRIMIDOS RECUBIERTOS 850 mg,OPKO CHILE S.A.,Tratamiento de Diabetes Mellitus
MICOFENOLATO MOFETILO,INMUFEN , COMPRIMIDOS RECUBIERTOS 500 mg,ASCEND LABORATORIES SpA,Trasplante de órganos
LOSARTÁN,LOSARTÁN POTÁSICO , COMPRIMIDOS RECUBIERTOS 50 mg,MEDINOVA FARMA LTDA.,Hipertensión arterial
LOSARTÁN,NOVSAR , COMPRIMIDOS RECUBIERTOS 50 mg,MEDINOVA FARMA LTDA.,Hipertensión arterial
METFORMINA CLORHIDRATO,GLIDANIL , COMPRIMIDOS RECUBIERTOS 850 mg,MEDIPHARM LTDA.,Tratamiento de Diabetes Mellitus
LEVOTIROXINA,T4-BAGÓ , COMPRIMIDOS 150 mg,LABORATORIO BAGÓ DE CHILE S.A.,Tratamiento de Hipotiroidismo
PRAMIPEXOL,PRAMIPEXOL DICLORHIDRATO MONOHIDRATO , COMPRIMIDOS 25 mg,OPKO CHILE S.A.,Tratamiento de Parkinson
CIPROFLOXACINO,CIPROVAL , COMPRIMIDOS RECUBIERTOS 500 mg,LABORATORIOS SAVAL S.A.,Antibiótico
METOCLOPRAMIDA,ITAN , COMPRIMIDOS 10 mg,LABORATORIOS SAVAL S.A.,Tratamiento de Trastornos Gastrointestinales
CIPROFLOXACINO,CIPROFLOXACINO , COMPRIMIDOS RECUBIERTOS 500 mg,CHEMOPHARMA  S.A.,Antibiótico
ATORVASTATINA,LOWDEN , COMPRIMIDOS RECUBIERTOS 10 mg,EUROLAB LTDA.,Disminución del colesterol
ATORVASTATINA,LOWDEN , COMPRIMIDOS RECUBIERTOS 20 mg,EUROLAB LTDA.,Disminución del colesterol
DOXICICLINA,TOLEXINE , COMPRIMIDOS 100 mg,LABORATORIOS D & M PHARMA LTDA.,Antibiótico
KETOPROFENO,DOLOFAR , CÁPSULAS 50 mg,MEDIPHARM LTDA.,Analgésico / Antiinflamatorio
METFORMINA CLORHIDRATO,GLIDANIL , COMPRIMIDOS RECUBIERTOS 850 mg,MEDIPHARM LTDA.,Tratamiento de Diabetes Mellitus
MEMANTINA,MEMIKARE , COMPRIMIDOS RECUBIERTOS 10 mg,ETEX FARMACÉUTICA LTDA.,Tratamiento de Alzheimer
VERAPAMILO,CARDIOLEN , CÁPSULAS 80 mg,INSTITUTO SANITAS S.A.,Hipertensión arterial
VALSARTÁN,ALSARKARE , COMPRIMIDOS RECUBIERTOS 320 mg,ETEX FARMACÉUTICA LTDA.,Hipertensión arterial
LOSARTÁN,LOSARTÁN POTÁSICO , COMPRIMIDOS RECUBIERTOS 50 mg,LABORATORIOS EUROMED CHILE S.A.,Hipertensión arterial
METOCLOPRAMIDA,METOCLOPRAMIDA CLORHIDRATO , COMPRIMIDOS 10 mg,LABORATORIO CHILE S.A.,Tratamiento de Trastornos Gastrointestinales
CLONAZEPAM,NEURYL , COMPRIMIDOS 5 mg,LABORATORIO BAGÓ DE CHILE S.A.,Ansiedad
PREDNISONA,BERSEN , COMPRIMIDOS 5 mg,LABORATORIO PASTEUR S.A.,Corticoterapia
CLONAZEPAM,NEURYL , COMPRIMIDOS 2 mg,LABORATORIO BAGÓ DE CHILE S.A.,Ansiedad
PREDNISONA,BERSEN , COMPRIMIDOS 20 mg,LABORATORIO PASTEUR S.A.,Corticoterapia
CIPROFLOXACINO,CETRAXAL , COMPRIMIDOS RECUBIERTOS 500 mg ,FAES FARMA CHILE,Antibiótico
LOSARTÁN,LOSAPRES , COMPRIMIDOS RECUBIERTOS 100 mg,PHARMA INVESTI DE CHILE S.A.,Hipertensión arterial
CLONAZEPAM,CLONAZEPAM , COMPRIMIDOS 2 mg,LABORATORIO CHILE S.A.,Ansiedad
CLONAZEPAM,CLONAZEPAM , COMPRIMIDOS 5 mg,LABORATORIO CHILE S.A.,Ansiedad
CLONAZEPAM,CLONAPAM , COMPRIMIDOS 2 mg ,LABORATORIO CHILE S.A.,Ansiedad
CLONAZEPAM,CLONAPAM , COMPRIMIDOS 5 mg,LABORATORIO CHILE S.A.,Ansiedad
ATORVASTATINA,ATORVASTATINA , COMPRIMIDOS RECUBIERTOS 20 mg,OPKO CHILE S.A.,Disminución del colesterol
DONEPECILO,NEPOKARE , COMPRIMIDOS RECUBIERTOS 10 mg,ETEX FARMACÉUTICA LTDA.,Tratamiento de Alzheimer
CLORFENAMINA,CLORFENAMINA MALEATO , COMPRIMIDOS 4 mg,LABORATORIO PASTEUR S.A.,Antialérgico
PREDNISONA,PREDNISONA , COMPRIMIDOS 20 mg,LABORATORIO PASTEUR S.A.,Corticoterapia
METILFENIDATO,RUBIFEN , COMPRIMIDOS 10 mg,PHARMAVITA S.A.,Estimulante sistema nervioso central
MICOFENOLATO MOFETILO,MICOFENOLATO MOFETILO , COMPRIMIDOS RECUBIERTOS 500 mg,LABORATORIO CHILE S.A.,Trasplante de órganos
LOSARTÁN,LOSARTÁN POTÁSICO , COMPRIMIDOS RECUBIERTOS 50 mg,MINTLAB  CO. S.A.,Hipertensión arterial
LOSARTÁN,LOPREN , COMPRIMIDOS RECUBIERTOS 50 mg,MINTLAB  CO. S.A.,Hipertensión arterial
MICOFENOLATO MOFETILO,PROFIREN , COMPRIMIDOS RECUBIERTOS 500 mg,LIBRA CHILE S.A.,Trasplante de órganos
KETOPROFENO,KETOPROFENO , CÁPSULAS 50 mg,MINTLAB  CO. S.A.,Analgésico / Antiinflamatorio
KETOPROFENO,RELATENE , CÁPSULAS 50 mg,MINTLAB Co. S.A.,Analgésico / Antiinflamatorio
IBUPROFENO,IBUPROFENO , COMPRIMIDOS RECUBIERTOS 600 mg,LABORATORIOS ANDRÓMACO S.A.,Analgésico / Antiinflamatorio
LEVOFLOXACINO,LEVOXIN , COMPRIMIDOS RECUBIERTOS 500 mg,LABORATORIOS EUROMED CHILE S.A.,Antibiótico
CLONAZEPAM,NEURYL , COMPRIMIDOS 2 mg,LABORATORIO BAGÓ DE CHILE S.A.,Ansiedad
IBUPROFENO,IBUPROFENO , COMPRIMIDOS RECUBIERTOS 600 mg,ASCEND LABORATORIES SpA,Analgésico / Antiinflamatorio
IBUPROFENO,DEUCODOL , COMPRIMIDOS RECUBIERTOS 600 mg,MEDIPHARM LTDA.,Analgésico / Antiinflamatorio
QUETIAPINA,QUETKARE , COMPRIMIDOS RECUBIERTOS 100 mg.,ETEX FARMACÉUTICA LTDA.,Trastornos mentales
QUETIAPINA,QUETKARE , COMPRIMIDOS RECUBIERTOS 200 mg,ETEX FARMACÉUTICA LTDA.,Trastornos mentales
CICLOSPORINA,SIGMASPORIN MICRORAL , CÁPSULAS BLANDAS 25 mg,LIBRA CHILE S.A.,Trasplante de órganos
CICLOSPORINA,SIGMASPORIN MICRORAL , CÁPSULAS BLANDAS 50 mg,LIBRA CHILE S.A.,Trasplante de órganos
CLONAZEPAM,CLONAZEPAM , COMPRIMIDOS 0.5 mg,INTERPHARMA S.A.,Ansiedad
CLONAZEPAM,CLONAZEPAM , COMPRIMIDOS 2 mg,INTERPHARMA S.A.,Ansiedad
LOSARTÁN,LOSARTÁN POTÁSICO , COMPRIMIDOS RECUBIERTOS 50 mg,OPKO CHILE S.A.,Hipertensión arterial
IBUPROFENO,DEUCODOL , COMPRIMIDOS RECUBIERTOS 400 mg,MEDIPHARM LTDA.,Analgésico / Antiinflamatorio
IBUPROFENO,IBUPROFENO , COMPRIMIDOS RECUBIERTOS 400 mg,ASCEND LABORATORIES SpA,Analgésico / Antiinflamatorio
METFORMINA CLORHIDRATO,OXEMET , COMPRIMIDOS RECUBIERTOS 850 mg,GLAXOSMITHKLINE CHILE FARMACÉUTICA LTDA.,Tratamiento de Diabetes Mellitus
METFORMINA CLORHIDRATO,OXEMET , COMPRIMIDOS RECUBIERTOS 500 mg,GLAXOSMITHKLINE CHILE FARMACÉUTICA LTDA.,Tratamiento de Diabetes Mellitus
ATORVASTATINA,ATORVASTATINA , COMPRIMIDOS RECUBIERTOS 10 mg ,OPKO CHILE S.A.,Disminución del colesterol
ROSUVASTATINA,ROSIMOL , COMPRIMIDOS RECUBIERTOS 10 mg,NOVARTIS CHILE S.A.,Disminución del colesterol
ROSUVASTATINA,ROSIMOL , COMPRIMIDOS RECUBIERTOS 20 mg,NOVARTIS CHILE S.A.,Disminución del colesterol
EXEMESTANO,EXEMESTANO , COMPRIMIDOS RECUBIERTOS 25 mg,LABORATORIO CHILE S.A.,Cáncer de mama
LOSARTÁN,LOSARTÁN POTÁSICO , COMPRIMIDOS RECUBIERTOS 50 mg,LABORATORIO CHILE S.A.,Hipertensión arterial
LOSARTÁN,SIMPERTEN , COMPRIMIDOS RECUBIERTOS 50 mg,LABORATORIO CHILE S.A.,Hipertensión arterial
OLANZAPINA,ANZAP , COMPRIMIDOS RECUBIERTOS 10 mg,ASCEND LABORATORIES SpA,Tratamiento de esquizofrenia
METFORMINA CLORHIDRATO,METFORMINA CLORHIDRATO , COMPRIMIDOS RECUBIERTOS 850 mg,ASCEND LABORATORIES SpA,Tratamiento de Diabetes Mellitus
MICOFENOLATO MOFETILO,INMUFEN , CÁPSULAS 250 mg,ASCEND LABORATORIES SpA,Trasplante de órganos
MICOFENOLATO MOFETILO,MICOFENOLATO MOFETILO , COMPRIMIDOS RECUBIERTOS 500 mg,ASCEND LABORATORIES SpA,Trasplante de órganos
MICOFENOLATO MOFETILO,MICOFENOLATO MOFETILO , CÁPSULAS 250 mg,LABORATORIO CHILE S.A.,Trasplante de órganos
LOSARTÁN,LOSARTÁN POTÁSICO , COMPRIMIDOS RECUBIERTOS 100 mg,LABORATORIO CHILE S.A.,Hipertensión arterial
LOSARTÁN,SIMPERTEN , COMPRIMIDOS RECUBIERTOS 100 mg,LABORATORIO CHILE S.A.,Hipertensión arterial
VALSARTÁN,VERALPRES , COMPRIMIDOS RECUBIERTOS 160 mg,LABORATORIOS EUROMED CHILE S.A.,Hipertensión arterial
IBUPROFENO,IBU-6 , COMPRIMIDOS RECUBIERTOS 600 mg,LABORATORIOS ANDRÓMACO S.A.,Analgésico / Antiinflamatorio
CIPROFLOXACINO,CIPROFLOXACINO , COMPRIMIDOS RECUBIERTOS 500 mg,MINTLAB  CO. S.A.,Antibiótico
OLANZAPINA,ANZAP , COMPRIMIDOS RECUBIERTOS 5 mg,ASCEND LABORATORIES SpA,Tratamiento de esquizofrenia
LOSARTÁN,LOSARTÁN POTÁSICO , COMPRIMIDOS RECUBIERTOS 50 mg,LABORATORIOS EUROMED CHILE S.A.,Hipertensión arterial
VENLAFAXINA,VENCONTROL , CÁPSULAS CON MICROGRÁNULOS RECUBIERTOS DE LIBERACIÓN PROLONGADA 150 mg,SANOFI-AVENTIS DE CHILE S.A.,Antidepresivo
VENLAFAXINA,VENCONTROL , CÁPSULAS CON MICROGRÁNULOS RECUBIERTOS DE LIBERACIÓN PROLONGADA 75 mg,SANOFI-AVENTIS DE CHILE S.A.,Antidepresivo
VENLAFAXINA,VENCONTROL , CÁPSULAS CON MICROGRÁNULOS RECUBIERTOS DE LIBERACIÓN PROLONGADA 150 mg,SANOFI-AVENTIS DE CHILE S.A.,Antidepresivo
QUETIAPINA,QUETIUM , COMPRIMIDOS RECUBIERTOS 25 mg,LABORATORIOS SAVAL S.A.,Trastornos mentales
METFORMINA CLORHIDRATO,OXEMET , COMPRIMIDOS RECUBIERTOS 1000 mg  ,GLAXOSMITHKLINE CHILE FARMACÉUTICA LTDA.,Tratamiento de Diabetes Mellitus
IBUPROFENO,IBUPROFENO , COMPRIMIDOS RECUBIERTOS 400 mg,LABORATORIOS ANDRÓMACO S.A.,Analgésico / Antiinflamatorio
IBUPROFENO,IBUPROFENO , COMPRIMIDOS RECUBIERTOS 200 mg,LABORATORIOS ANDRÓMACO S.A.,Analgésico / Antiinflamatorio
VENLAFAXINA,VENCONTROL , CÁPSULAS CON MICROGRÁNULOS RECUBIERTOS DE LIBERACIÓN PROLONGADA 5 mg,SANOFI-AVENTIS DE CHILE S.A.,Antidepresivo
VENLAFAXINA,VENCONTROL , CÁPSULAS CON MICROGRÁNULOS RECUBIERTOS DE LIBERACIÓN PROLONGADA 37,SANOFI-AVENTIS DE CHILE S.A.,Antidepresivo
VENLAFAXINA,VENCONTROL , CÁPSULAS CON MICROGRÁNULOS RECUBIERTOS DE LIBERACIÓN PROLONGADA 75 mg,SANOFI-AVENTIS DE CHILE S.A.,Antidepresivo
IBUPROFENO,IBU-2 , COMPRIMIDOS RECUBIERTOS 200 mg,LABORATORIOS ANDRÓMACO S.A.,Analgésico / Antiinflamatorio
CEFUROXIMA,FAVANEX , COMPRIMIDOS RECUBIERTOS 500 mg,ASCEND LABORATORIES SpA,Antibiótico
CETIRIZINA,CETIRIZINA DICLORHIDRATO , COMPRIMIDOS RECUBIERTOS 10 mg,MINTLAB  CO. S.A.,Antialérgico
CETIRIZINA,COOLIPS , COMPRIMIDOS RECUBIERTOS 10 mg,MINTLAB  CO. S.A.,Antialérgico
CLONAZEPAM,BEJOWA , COMPRIMIDOS 5 mg,SANOFI-AVENTIS DE CHILE S.A.,Ansiedad
CLONAZEPAM,BEJOWA , COMPRIMIDOS 2 mg,SANOFI-AVENTIS DE CHILE S.A.,Ansiedad
CLONAZEPAM,BEJOWA , COMPRIMIDOS 2 mg,SANOFI-AVENTIS DE CHILE S.A.,Ansiedad
CARVEDILOL,CILOKARE , COMPRIMIDOS RECUBIERTOS 25 mg,ETEX FARMACÉUTICA LTDA.,Hipertensión arterial - insuficiencia cardíaca
PRAMIPEXOL,MUVEND , COMPRIMIDOS 1 mg,SYNTHON  CHILE LTDA.,Tratamiento de Parkinson
QUETIAPINA,QUETIUM , COMPRIMIDOS RECUBIERTOS 100 mg,LABORATORIOS SAVAL S.A.,Trastornos mentales
QUETIAPINA,QUETIUM , COMPRIMIDOS RECUBIERTOS 200 mg,LABORATORIOS SAVAL S.A.,Trastornos mentales
QUETIAPINA,QUETIUM , COMPRIMIDOS RECUBIERTOS 300 mg,LABORATORIOS SAVAL S.A.,Trastornos mentales
DONEPECILO,IDECLAR , COMPRIMIDOS RECUBIERTOS 10 mg,SYNTHON  CHILE LTDA.,Tratamiento de Alzheimer
ESCITALOPRAM,TRESUS , COMPRIMIDOS RECUBIERTOS 20 mg,NOVARTIS CHILE S.A.,Antidepresivo
VENLAFAXINA,AXONE , CÁPSULAS CON MICROGRÁNULOS RECUBIERTOS DE LIBERACIÓN PROLONGADA 150 mg,LABORATORIOS EUROMED CHILE S.A.,Antidepresivo
LEVETIRACETAM,PREBB , COMPRIMIDOS RECUBIERTOS 1000 mg,SYNTHON  CHILE LTDA.,Antiepiléptico - Estabilizador del estado de ánimo
GLIBENCLAMIDA,GLIBENCLAMIDA , COMPRIMIDOS 5 mg,MINTLAB  CO. S.A.,Tratamiento de Diabetes Mellitus
ACENOCUMAROL,ACEBRON , COMPRIMIDOS 4 mg,LABORATORIOS RECALCINE S.A.,Anticoagulante
CARVEDILOL,CARVEDILOL , COMPRIMIDOS 25 mg,OPKO CHILE S.A.,Hipertensión arterial - insuficiencia cardíaca
FLUOXETINA,ACTAN , CÁPSULAS 20 mg,EUROLAB LTDA.,Antidepresivo
KETOPROFENO,KEPRODOL , CÁPSULAS 50 mg,LABORATORIOS ANDRÓMACO S.A.,Analgésico / Antiinflamatorio
ESCITALOPRAM,TRESUS , COMPRIMIDOS RECUBIERTOS 10 mg,NOVARTIS CHILE S.A.,Antidepresivo
KETOPROFENO,KETOPROFENO , CÁPSULAS 50 mg,LABORATORIOS ANDRÓMACO S.A.,Analgésico / Antiinflamatorio
LOSARTÁN,LOSARTÁN POTÁSICO , COMPRIMIDOS RECUBIERTOS 50 mg,CHEMOPHARMA  S.A.,Hipertensión arterial
DONEPECILO,IDECLAR , COMPRIMIDOS RECUBIERTOS 5 mg,SYNTHON  CHILE LTDA.,Tratamiento de Alzheimer
METFORMINA CLORHIDRATO,GLAUPAX , COMPRIMIDOS RECUBIERTOS 500 mg,LABORATORIO PASTEUR S.A.,Tratamiento de Diabetes Mellitus
ISOTRETINOÍNA,ORALNE , CÁPSULAS BLANDAS 20 mg,DEUTSCHE PHARMA S.A.,Tratamiento de Acné
LOSARTÁN,SANIPRESIN , COMPRIMIDOS RECUBIERTOS 50 mg,INSTITUTO SANITAS S.A.,Hipertensión arterial
PREGABALINA,PREGASTAR , CÁPSULAS  75 mg,NOVARTIS CHILE S.A.,Antiepiléptico - Dolores neurólgicos
PREGABALINA,PREGASTAR , CÁPSULAS 150 mg,NOVARTIS CHILE S.A.,Antiepiléptico - Dolores neurólgicos
PREGABALINA,PREGASTAR , CÁPSULAS 300 mg ,NOVARTIS CHILE S.A.,Antiepiléptico - Dolores neurólgicos
METFORMINA CLORHIDRATO,GLAUPAX , COMPRIMIDOS RECUBIERTOS 850 mg,LABORATORIO PASTEUR S.A.,Tratamiento de Diabetes Mellitus
AMLODIPINO,AMPINO , COMPRIMIDOS 10 mg,LABORATORIOS SAVAL S.A.,Hipertensión arterial - Angina de pecho
AMLODIPINO,AMPINO , COMPRIMIDOS 5 mg,LABORATORIOS SAVAL S.A.,Hipertensión arterial - Angina de pecho
METFORMINA CLORHIDRATO,FINTAXIM , COMPRIMIDOS RECUBIERTOS 850 mg,LABORATORIO MAVER S.A.,Tratamiento de Diabetes Mellitus
LEVOTIROXINA,T4 , COMPRIMIDOS 50 mcg,LABORATORIO BAGÓ DE CHILE S.A.,Tratamiento de Hipotiroidismo
LEVOTIROXINA,T4 , COMPRIMIDOS 75 mcg,LABORATORIO BAGÓ DE CHILE S.A.,Tratamiento de Hipotiroidismo
LEVOTIROXINA,T4 , COMPRIMIDOS 100 mcg,LABORATORIO BAGÓ DE CHILE S.A.,Tratamiento de Hipotiroidismo
CEFADROXILO,CEFADROXILO , CÁPSULAS 500 mg,LABORATORIOS ANDRÓMACO S.A.,Antibiótico
CITALOPRAM,CITTA , COMPRIMIDOS RECUBIERTOS 20 mg,LABORATORIOS EUROMED CHILE S.A.,Antidepresivo
DESLORATADINA,NEO-ALLEDRYL , COMPRIMIDOS RECUBIERTOS 5 mg,LABORATORIOS PRATER S.A.,Antialérgico
CIPROFLOXACINO,CIPROFLOXACINO , COMPRIMIDOS RECUBIERTOS  500 mg,LABORATORIOS  EUROMED CHILE S.A.,Antibiótico
IBUPROFENO,IBUPROFENO , COMPRIMIDOS RECUBIERTOS 200 mg,ASCEND LABORATORIES SpA,Analgésico / Antiinflamatorio
QUETIAPINA,QUETIUM XR , COMPRIMIDOS RECUBIERTOS DE LIBERACIÓN PROLONGADA 50 mg,LABORATORIOS SAVAL S.A.,Trastornos mentales
QUETIAPINA,QUETIUM XR , COMPRIMIDOS RECUBRIMIENTO DE LIBERACIÓN PROLONGADA 200 mg,LABORATORIOS SAVAL S.A.,Trastornos mentales
MICOFENOLATO MOFETILO,MICOFENOLATO MOFETILO , CÁPSULAS 250 mg,ASCEND LABORATORIES SpA,Trasplante de órganos
QUETIAPINA,QUETIUM XR , COMPRIMIDOS DE LIBERACIÓN PROLONGADA 400 mg,LABORATORIOS SAVAL S.A.,Trastornos mentales
QUETIAPINA,QUETIUM XR , COMPRIMIDOS RECUBIERTOS DE LIBERACIÓN PROLONGADA 300 mg,LABORATORIOS SAVAL S.A.,Trastornos mentales
IBUPROFENO,IBU-4 , COMPRIMIDOS RECUBIERTOS 400 mg,LABORATORIOS ANDRÓMACO S.A.,Analgésico / Antiinflamatorio
CARVEDILOL,CARVEDILOL , COMPRIMIDOS 25 mg,MEDINOVA FARMA LTDA.,Hipertensión arterial - insuficiencia cardíaca
CARVEDILOL,CILOKARE , COMPRIMIDOS RECUBIERTOS,ETEX FARMACÉUTICA LTDA.,Hipertensión arterial - insuficiencia cardíaca
METFORMINA CLORHIDRATO,ANDIBET  , COMPRIMIDOS RECUBIERTOS 500 mg,CHEMOPHARMA S.A.,Tratamiento de Diabetes Mellitus
LOSARTÁN,SANIPRESIN FORTE , COMPRIMIDOS RECUBIERTOS 100 mg ,INSTITUTO SANITAS S.A.,Hipertensión arterial
VENLAFAXINA,SUBELAN XR , CÁPSULAS CON COMPRIMIDOS DE LIBERACIÓN PROLONGADA 150 mg,PHARMAVITA S.A.,Antidepresivo
VENLAFAXINA,SUBELAN XR , CÁPSULAS CON COMPRIMIDOS DE LIBERACIÓN PROLONGADA 75 mg,PHARMAVITA S.A.,Antidepresivo
ATORVASTATINA,LIPOTEN , COMPRIMIDOS RECUBIERTOS 80 mg,PHARMAVITA S.A.,Disminución del colesterol
ATORVASTATINA,LIPOTEN , COMPRIMIDOS RECUBIERTOS 40 mg,PHARMAVITA S.A.,Disminución del colesterol
ATORVASTATINA,LIPOTEN , COMPRIMIDOS RECUBIERTOS 20 mg,PHARMAVITA S.A.,Disminución del colesterol
ATORVASTATINA,LIPOTEN , COMPRIMIDOS RECUBIERTOS 10 mg,PHARMAVITA S.A.,Disminución del colesterol
TACROLIMÚS,TACROLIMUS , CÁPSULAS  5 mg,OPKO CHILE S.A.,Trasplante de órganos
ROSUVASTATINA,MODERATUS , COMPRIMIDOS RECUBIERTOS 10 mg,SANOFI-AVENTIS DE CHILE S.A.,Disminución del colesterol
ROSUVASTATINA,MODERATUS  , COMPRIMIDOS  RECUBIERTOS 20 mg,SANOFI-AVENTIS DE CHILE S.A.,Disminución del colesterol
LOSARTÁN,LOSARTAN POTÁSICO , COMPRIMIDOS RECUBIERTOS 100 mg,CHEMOPHARMA  S.A.,Hipertensión arterial
CLONAZEPAM,CLONAZEPAM , COMPRIMIDOS 2 mg,MINTLAB  CO. S.A.,Ansiedad
CLONAZEPAM,HISTROL , COMPRIMIDOS 2 mg,MINTLAB  CO. S.A.,Ansiedad
AMLODIPINO,LOMAKARE , COMPRIMIDOS 5 mg,ETEX FARMACÉUTICA LTDA.,Hipertensión arterial - Angina de pecho
LEVETIRACETAM,PREBB , COMPRIMIDOS RECUBIERTOS 500 mg,SYNTHON  CHILE LTDA.,Antiepiléptico - Estabilizador del estado de ánimo
LETROZOL,LETROZOL , COMPRIMIDOS RECUBIERTOS ,LABORATORIOS  EUROMED CHILE S.A.,Cáncer de mama
METFORMINA CLORHIDRATO,GLIDANIL , COMPRIMIDOS RECUBIERTOS 500 mg,MEDIPHARM LTDA.,Tratamiento de Diabetes Mellitus
CLOPIDOGREL,CLOTROMBIX , COMPRIMIDOS RECUBIERTOS 75 mg,NOVARTIS CHILE S.A.,Antiagregante plaquetario
SERTRALINA,DIELOFT , COMPRIMIDOS RECUBIERTOS 50 mg,SANOFI-AVENTIS DE CHILE S.A.,Antidepresivo
SERTRALINA,DIELOFT , COMPRIMIDOS RECUBIERTOS 100 mg,SANOFI-AVENTIS DE CHILE S.A.,Antidepresivo
SERTRALINA,DIELOFT , COMPRIMIDOS RECUBIERTOS 50 mg,SANOFI-AVENTIS DE CHILE S.A.,Antidepresivo
METOCLOPRAMIDA,METOCLOPRAMIDA CLORHIDRATO , COMPRIMIDOS 10 mg,LABORATORIOS ANDRÓMACO S.A.,Tratamiento de Trastornos Gastrointestinales
VENLAFAXINA,VENLAFAXINA IR , COMPRIMIDOS 75 mg,PHARMAVITA S.A.,Antidepresivo
AZITROMICINA,ESCOVERANCE , COMPRIMIDOS RECUBIERTOS 500 mg,SANOFI-AVENTIS DE CHILE S.A.,Antibiótico
IMATINIB,KADIR , CÁPSULAS 100 mg,SYNTHON  CHILE LTDA.,Tratamiento de Leucemia
TOPIRAMATO,BIOMOOD , COMPRIMIDOS RECUBIERTOS 100 mg,LABORATORIOS SAVAL S.A.,Antiepiléptico
OLANZAPINA,OLANZAPINA , COMPRIMIDOS RECUBIERTOS  10 mg,LABORATORIOS EUROMED CHILE S.A.,Tratamiento de esquizofrenia
OLANZAPINA,ZAP , COMPRIMIDOS 10 mg,LABORATORIOS EUROMED CHILE S.A.,Tratamiento de esquizofrenia
SILDENAFIL,SILDENAFILO , COMPRIMIDOS RECUBIERTOS 100 mg,SANOFI-AVENTIS DE CHILE S.A.,Tratamiento de la Disfunción Eréctil
SILDENAFIL,SILDENAFILO , COMPRIMIDOS RECUBIERTOS 50 mg,SANOFI-AVENTIS DE CHILE S.A.,Tratamiento de la Disfunción Eréctil
CARVEDILOL,CARVEDILOL , COMPRIMIDOS,MEDINOVA FARMA LTDA.,Hipertensión arterial - insuficiencia cardíaca
LAMOTRIGINA,DAKSOL , COMPRIMIDOS 25 mg,PHARMAVITA S.A.,Antiepiléptico - Estabilizador del estado de ánimo
LAMOTRIGINA,DAKSOL , COMPRIMIDOS 50 mg,PHARMAVITA S.A.,Antiepiléptico - Estabilizador del estado de ánimo
LAMOTRIGINA,DAKSOL , COMPRIMIDOS 100 mg,PHARMAVITA S.A.,Antiepiléptico - Estabilizador del estado de ánimo
MONTELUKAST,LUCASTE , COMPRIMIDOS MASTICABLES 5 mg,LABORATORIOS EUROMED CHILE S.A.,Antialérgico - Antiasmático
MONTELUKAST,LUCASTE , COMPRIMIDOS MASTICABLES  4 mg,LABORATORIOS EUROMED CHILE S.A.,Antialérgico - Antiasmático
CIPROFLOXACINO,CIPROFLOXACINO , COMPRIMIDOS RECUBIERTOS 500 mg,OPKO CHILE S.A.,Antibiótico
METILFENIDATO,RUBIFEN SR , COMPRIMIDOS RECUBIERTOS DE LIBERACIÓN PROLONGADA 20 mg,PHARMAVITA S.A.,Estimulante sistema nervioso central
LOSARTÁN,CORODIN , COMPRIMIDOS RECUBIERTOS 50 mg,LABORATORIOS LAFI LTDA.,Hipertensión arterial
ESCITALOPRAM,RESTAURAL , COMPRIMIDOS RECUBIERTOS 20 mg,PHARMAVITA S.A.,Antidepresivo
ESCITALOPRAM,RESTAURAL , COMPRIMIDOS RECUBIERTOS 10 mg,PHARMAVITA S.A.,Antidepresivo
ENALAPRIL,ENALAPRIL MALEATO , COMPRIMIDOS 20 mg,LABORATORIOS ANDRÓMACO S.A.,Hipertensión arterial - insuficiencia cardíaca
ATORVASTATINA,ORVAKARE , COMPRIMIDOS RECUBIERTOS 10 mg,ETEX FARMACÉUTICA LTDA.,Disminución del colesterol
ATORVASTATINA,ORVAKARE , COMPRIMIDOS RECUBIERTOS 20 mg,ETEX FARMACÉUTICA LTDA.,Disminución del colesterol
ACENOCUMAROL,ISQUELIUM , COMPRIMIDOS 4 mg,SYNTHON CHILE LTDA.,Anticoagulante
FUROSEMIDA,FUROSEMIDA , COMPRIMIDOS 40 mg,LABORATORIO CHILE S.A.,Diurético
CLONAZEPAM,HISTROL , COMPRIMIDOS 5 mg,MINTLAB  CO. S.A.,Ansiedad
CLONAZEPAM,CLONAZEPAM , COMPRIMIDOS 5 mg,MINTLAB  CO. S.A.,Ansiedad
TOPIRAMATO,BIOMOOD , COMPRIMIDOS RECUBIERTOS 50 mg,LABORATORIOS SAVAL S.A.,Antiepiléptico
LAMIVUDINA,LAMIVUDINA , COMPRIMIDOS RECUBIERTOS 150 mg,ASCEND LABORATORIES SpA,tratamiento de VIH/SIDA
VENLAFAXINA,SUBELAN XR , CÁPSULAS CON COMPRIMIDOS DE LIBERACIÓN PROLONGADA,PHARMAVITA S.A.,Antidepresivo
CELECOXIB,CELECOXIB , CÁPSULAS 200 mg,PFIZER CHILE S.A.,Analgésico / Antiinflamatorio
CELECOXIB,CAPSURE , CÁPSULAS 200 mg,PFIZER CHILE S.A.,Analgésico / Antiinflamatorio
LOSARTÁN,ARATAN , COMPRIMIDOS RECUBIERTOS 50 mg,LABORATORIOS ANDRÓMACO S.A.,Hipertensión arterial
LOSARTÁN,LOSARTÁN POTÁSICO , COMPRIMIDOS RECUBIERTOS 50 mg,LABORATORIOS ANDRÓMACO S.A.,Hipertensión arterial
PAROXETINA,ZEQUIVEC , COMPRIMIDOS RECUBIERTOS 20 mg,SANOFI-AVENTIS DE CHILE S.A.,Antidepresivo
ROSUVASTATINA,MODERATUS , COMPRIMIDOS RECUBIERTOS 20 mg,SANOFI-AVENTIS DE CHILE S.A.,Disminución del colesterol
METFORMINA CLORHIDRATO,TAVIST XR  , COMPRIMIDOS DE LIBERACIÓN PROLONGADA 500 mg.,MINTLAB  CO. S.A.,Tratamiento de Diabetes Mellitus
ROSUVASTATINA,MODERATUS , COMPRIMIDOS RECUBIERTOS 10 mg,SANOFI-AVENTIS DE CHILE S.A.,Disminución del colesterol
METFORMINA CLORHIDRATO,METFORMINA CLORHIDRATO , COMPRIMIDOS 850 mg,MINTLAB  CO. S.A.,Tratamiento de Diabetes Mellitus
TOPIRAMATO,BIOMOOD , COMPRIMIDOS RECUBIERTOS 25 mg,LABORATORIOS SAVAL S.A.,Antiepiléptico
MICOFENOLATO MOFETILO,LINFONEX , COMPRIMIDOS RECUBIERTOS 250 mg,LABORATORIOS RECALCINE S.A.,Trasplante de órganos
SERTRALINA,SERONEX , COMPRIMIDOS RECUBIERTOS 100 mg,PHARMAVITA S.A.,Antidepresivo
SERTRALINA,SERONEX , COMPRIMIDOS RECUBIERTOS 50 mg,PHARMAVITA S.A.,Antidepresivo
CIPROFLOXACINO,CIPROFLOXACINO , COMPRIMIDOS RECUBIERTOS 500 mg,ASCEND LABORATORIES SpA,Antibiótico
LEVETIRACETAM,LEVETIRACETAM  , COMPRIMIDOS RECUBIERTOS 1.000 mg,LABORATORIOS EUROMED CHILE S.A.,Antiepiléptico - Estabilizador del estado de ánimo
AMOXICILINA+CLAVULÁNICO,AMOLEX DUO 875/125 , COMPRIMIDOS RECUBIERTOS,LABORATORIOS ANDRÓMACO S.A.,Antibiótico
ATORVASTATINA,LIPOTROPIC , COMPRIMIDOS RECUBIERTOS 20 mg,LABORATORIOS LAFI LTDA.,Disminución del colesterol
AMOXICILINA+CLAVULÁNICO,AMOXICILINA / ÁCIDO CLAVULÁNICO 875/125 , COMPRIMIDOS RECUBIERTOS,LABORATORIOS ANDRÓMACO S.A.,Antibiótico
IMATINIB,KADIR , COMPRIMIDOS RECUBIERTOS 100 mg,SYNTHON  CHILE LTDA.,Tratamiento de Leucemia
VALSARTÁN,VERALPRES , COMPRIMIDOS RECUBIERTOS 80 mg,LABORATORIOS EUROMED CHILE S.A.,Hipertensión arterial
IMATINIB,KADIR , COMPRIMIDOS RECUBIERTOS 400 mg,SYNTHON  CHILE LTDA.,Tratamiento de Leucemia
ATORVASTATINA,ATENFAR , COMPRIMIDOS RECUBIERTOS 20 mg,MEDIPHARM LTDA.,Disminución del colesterol
ESCITALOPRAM,ETALOKARE , COMPRIMIDOS RECUBIERTOS 10 mg,ETEX FARMACÉUTICA LTDA.,Antidepresivo
SILDENAFIL,SELERUP , COMPRIMIDOS RECUBIERTOS 50 mg,GADOR LTDA.,Tratamiento de la Disfunción Eréctil
SILDENAFIL,SEGUREX , COMPRIMIDOS RECUBIERTOS 50 mg,GADOR LTDA.,Tratamiento de la Disfunción Eréctil
AMOXICILINA+CLAVULÁNICO,AMOXICILINA / ACIDO CLAVULANICO 875/125 , COMPRIMIDOS RECUBIERTOS ,ASCEND LABORATORIES SpA,Antibiótico
ESCITALOPRAM,ESCITALOPRAM , COMPRIMIDOS RECUBIERTOS  20 mg,LABORATORIOS EUROMED CHILE S.A.,Antidepresivo
IMATINIB,IMATINIB , COMPRIMIDOS RECUBIERTOS 100 mg,LABORATORIOS EUROMED CHILE S.A.,Tratamiento de Leucemia
CLOPIDOGREL,FLUYET , COMPRIMIDOS RECUBIERTOS 75 mg,PHARMAVITA S.A.,Antiagregante plaquetario
ATORVASTATINA,LINAROL , COMPRIMIDOS RECUBIERTOS 20 mg,MINTLAB  CO. S.A.,Disminución del colesterol
ATORVASTATINA,ATORVASTATINA , COMPRIMIDOS RECUBIERTOS 20 mg,MINTLAB  CO. S.A.,Disminución del colesterol
ESOMEPRAZOL,ESOMEPRAZOL , COMPRIMIDOS CON RECUBRIMIENTO ENTÉRICO 40 mg,LABORATORIOS EUROMED CHILE S.A.,Tratamiento de Ulceras Gastricas y Reflujo Gastroesofágico
QUETIAPINA,QUETIAPINA , COMPRIMIDOS RECUBIERTOS  25 mg,LABORATORIOS EUROMED CHILE S.A.,Trastornos mentales
SILDENAFIL,NOVALIF , COMPRIMIDOS RECUBIERTOS 50 mg,PHARMAVITA S.A.,Tratamiento de la Disfunción Eréctil
SILDENAFIL,NOVALIF , COMPRIMIDOS RECUBIERTOS 100 mg,PHARMAVITA S.A.,Tratamiento de la Disfunción Eréctil
RISPERIDONA,RISPERIDONA , COMPRIMIDOS DE DISOLUCIÓN BUCAL 1 mg,LABORATORIOS EUROMED CHILE S.A.,Trastornos mentales
LOSARTÁN,ARATAN , COMPRIMIDOS RECUBIERTOS 100 mg,LABORATORIOS ANDRÓMACO S.A.,Hipertensión arterial
ALPRAZOLAM,ADAX , COMPRIMIDOS 1 mg,LABORATORIOS SAVAL S.A.,Ansiedad
ALPRAZOLAM,ADAX , COMPRIMIDOS 5 mg,LABORATORIOS SAVAL S.A.,Ansiedad
ATORVASTATINA,LINAROL , COMPRIMIDOS RECUBIERTOS 10 mg,MINTLAB  CO. S.A.,Disminución del colesterol
ATORVASTATINA,ATORVASTATINA , COMPRIMIDOS RECUBIERTOS 10 mg,MINTLAB  CO. S.A.,Disminución del colesterol
QUETIAPINA,QUETIAPINA , COMPRIMIDOS RECUBIERTOS 25 mg,ASCEND LABORATORIES SpA,Trastornos mentales
ENALAPRIL,ENALAPRIL MALEATO , COMPRIMIDOS 20 mg,OPKO CHILE S.A.,Hipertensión arterial - insuficiencia cardíaca
CIPROFLOXACINO,CIPROFLOXACINO , COMPRIMIDOS RECUBIERTOS 500 mg,OPKO CHILE S.A.,Antibiótico
LEVETIRACETAM,LEVETIRACETAM , COMPRIMIDOS RECUBIERTOS  500 mg,LABORATORIOS EUROMED CHILE S.A.,Antiepiléptico - Estabilizador del estado de ánimo
ATENOLOL,ATENOLOL , COMPRIMIDOS 50 mg,MINTLAB  CO. S.A.,Hipertensión arterial
ATENOLOL,ATENOLOL , COMPRIMIDOS 100 mg,MINTLAB  CO. S.A.,Hipertensión arterial
LOSARTÁN,LOSARTAN POTÁSICO , COMPRIMIDOS RECUBIERTOS 100 mg,LABORATORIOS ANDRÓMACO S.A.,Hipertensión arterial
PANTOPRAZOL,PANTOCAL , COMPRIMIDOS CON RECUBRIMIENTO ENTÉRICO  40 mg,LABORATORIOS EUROMED CHILE S.A.,Tratamiento de Ulceras Gastricas y Reflujo Gastroesofágico
IRBESARTÁN / HIDROCLOROTIAZIDA,IRTANA H 150/12 , COMPRIMIDOS,LABORATORIOS EUROMED CHILE S.A.,Hipertensión arterial
IRBESARTÁN / HIDROCLOROTIAZIDA,IRTANA H 300/12 , COMPRIMIDOS,LABORATORIOS EUROMED CHILE S.A.,Hipertensión arterial
BETAHISTINA,MICROSER , COMPRIMIDOS 24 mg,GRÜNENTHAL CHILENA LTDA.,Antivertiginoso
OLANZAPINA,PSITAB , COMPRIMIDOS 5 mg,SYNTHON  CHILE LTDA.,Tratamiento de esquizofrenia
METFORMINA CLORHIDRATO,METFORMINA CLORHIDRATO , COMPRIMIDOS RECUBIERTOS 850 mg,ARAMA NATURAL PRODUCTS DISTRIBUIDORA LTDA.,Tratamiento de Diabetes Mellitus
MEMANTINA,MENTIUM , COMPRIMIDOS RECUBIERTOS 10 mg,SYNTHON  CHILE LTDA.,Tratamiento de Alzheimer
ESCITALOPRAM,NEOZENTIUS , COMPRIMIDOS RECUBIERTOS 10 mg,PHARMA INVESTI DE CHILE S.A.,Antidepresivo
VORICONAZOL,ZIVENAD , COMPRIMIDOS RECUBIERTOS 200 mg,SYNTHON  CHILE LTDA.,Antifúngico
IMATINIB,IMATINIB , COMPRIMIDOS RECUBIERTOS 400 mg,LABORATORIOS EUROMED CHILE S.A.,Tratamiento de Leucemia
FLUOXETINA,FLUOXETINA , COMPRIMIDOS 20 mg,INSTITUTO SANITAS S.A.,Antidepresivo
FLUOXETINA,CLINIUM , CÁPSULAS 20 mg,INSTITUTO SANITAS S.A.,Antidepresivo
PAROXETINA,PAROXETINA , COMPRIMIDOS RECUBIERTOS 20 mg,LABORATORIOS ANDRÓMACO S.A.,Antidepresivo
PAROXETINA,TRAVIATA , COMPRIMIDOS RECUBIERTOS 20 mg,LABORATORIOS ANDRÓMACO S.A.,Antidepresivo
OLANZAPINA,AMULSIN , COMPRIMIDOS RECUBIERTOS 10 mg,INSTITUTO SANITAS S.A.,Tratamiento de esquizofrenia
AZITROMICINA,AZITROMICINA , COMPRIMIDOS RECUBIERTOS 500 mg,LABORATORIOS ANDRÓMACO S.A.,Antibiótico
AZITROMICINA,ABACTEN , COMPRIMIDOS RECUBIERTOS 500 mg,LABORATORIOS ANDRÓMACO S.A.,Antibiótico
SILDENAFIL,VIGOREX  , COMPRIMIDOS RECUBIERTOS 100 mg,LABORATORIOS EUROMED CHILE S.A.,Tratamiento de la Disfunción Eréctil
ESCITALOPRAM,ESCITALOPRAM  , COMPRIMIDOS RECUBIERTOS 10 mg,LABORATORIOS EUROMED CHILE S.A.,Antidepresivo
BICALUTAMIDA,BICALUTAMIDA  , COMPRIMIDOS RECUBIERTOS 50 mg,LABORATORIOS EUROMED CHILE S.A.,Cáncer de próstata
SERTRALINA,SERTRALINA , COMPRIMIDOS RECUBIERTOS 100 mg,LABORATORIOS ANDRÓMACO S.A.,Antidepresivo
SERTRALINA,SERTAC , COMPRIMIDOS RECUBIERTOS 100 mg,LABORATORIOS ANDRÓMACO S.A.,Antidepresivo
SERTRALINA,SERTRALINA , COMPRIMIDOS RECUBIERTOS 50 mg,LABORATORIOS ANDRÓMACO S.A.,Antidepresivo
SERTRALINA,SERTAC , COMPRIMIDOS RECUBIERTOS 50 mg,LABORATORIOS ANDRÓMACO S.A.,Antidepresivo
EFAVIRENZ,EFAVIRENZ  , COMPRIMIDOS RECUBIERTOS 600 mg,LABORATORIO CHILE S.A.,tratamiento de VIH/SIDA
IBUPROFENO,IBUPIRAC LC , CÁPSULAS BLANDAS 400 mg,CHEMOPHARMA S.A.,Analgésico / Antiinflamatorio
ATORVASTATINA,ATORVASTATINA  , COMPRIMIDOS RECUBIERTOS 80 mg,LABORATORIOS EUROMED CHILE S.A.,Disminución del colesterol
IBUPROFENO,IBUPIRAC LC , CÁPSULAS BLANDAS 600 mg ,CHEMOPHARMA S.A.,Analgésico / Antiinflamatorio
ATORVASTATINA,ATORVASTATINA  , COMPRIMIDOS  RECUBIERTOS 10 mg,LABORATORIOS EUROMED CHILE S.A.,Disminución del colesterol
LAMIVUDINA + ZIDOVUDINA,LAMIVUDINA / ZIDOVUDINA 150/300  , COMPRIMIDOS RECUBIERTOS,INDOPHARMA S.A.,tratamiento de VIH/SIDA
LAMOTRIGINA,LETICO , COMPRIMIDOS 100 mg,LABORATORIOS EUROMED CHILE S.A.,Antiepiléptico - Estabilizador del estado de ánimo
LAMOTRIGINA,LETICO , COMPRIMIDOS 25 mg,LABORATORIOS EUROMED CHILE S.A.,Antiepiléptico - Estabilizador del estado de ánimo
ABACAVIR,ABACAVIR , COMPRIMIDOS RECUBIERTOS 300 mg,MASTER CARE S.A.,tratamiento de VIH/SIDA
DONEPECILO,NEPOKARE , COMPRIMIDOS RECUBIERTOS 5 mg,ETEX FARMACÉUTICA LTDA.,Tratamiento de Alzheimer
LAMOTRIGINA,LAMITRIM , COMPRIMIDOS 50 mg,MEDINOVA FARMA LTDA.,Antiepiléptico - Estabilizador del estado de ánimo
CEFALEXINA,CEFALEXINA , CÁPSULAS 500 mg,ASCEND LABORATORIES SpA,Antibiótico
TERBINAFINA,MICOSET , COMPRIMIDOS 250 mg.,LABORATORIO BAGÓ DE CHILE S.A.,Antimicotico
CETIRIZINA,REMITEX , COMPRIMIDOS RECUBIERTOS 10 mg,LABORATORIO BAGÓ DE CHILE S.A.,Antialérgico
ATORVASTATINA,ZARATOR , COMPRIMIDOS RECUBIERTOS 10 mg,ROERIG S.A.,Disminución del colesterol
ATORVASTATINA,ZARATOR , COMPRIMIDOS RECUBIERTOS 20 mg,ROERIG S.A.,Disminución del colesterol
BETAHISTINA,MICROSER , COMPRIMIDOS 24 mg,GRÜNENTHAL CHILENA LTDA.,Antivertiginoso
QUETIAPINA,EUFRENIM , COMPRIMIDOS RECUBIERTOS 100 mg,NOVARTIS CHILE S.A.,Trastornos mentales
QUETIAPINA,EUFRENIM , COMPRIMIDOS RECUBIERTOS 25 mg,NOVARTIS CHILE S.A.,Trastornos mentales
CITALOPRAM,CITALOPRAM , COMPRIMIDOS 20 mg,MINTLAB  CO. S.A.,Antidepresivo
SILDENAFIL,PLUSEFEC , COMPRIMIDOS RECUBIERTOS 50 mg,CHEMOPHARMA  S.A.,Tratamiento de la Disfunción Eréctil
SILDENAFIL,ALFIN , COMPRIMIDOS RECUBIERTOS 50 mg,INSTITUTO SANITAS S.A.,Tratamiento de la Disfunción Eréctil
MEMANTINA,MENTIUM , COMPRIMIDOS RECUBIERTOS 20 mg ,SYNTHON  CHILE LTDA.,Tratamiento de Alzheimer
DONEPECILO,DONEPECILO CLORHIDRATO , COMPRIMIDOS RECUBIERTOS  5 mg,LABORATORIOS EUROMED CHILE S.A.,Tratamiento de Alzheimer
CLARITROMICINA,CLARIMAX , COMPRIMIDOS RECUBIERTOS 500 mg,LABORATORIOS ANDRÓMACO S.A.,Antibiótico
CLARITROMICINA,CLARITROMICINA , COMPRIMIDOS RECUBIERTOS 500 mg,LABORATORIOS ANDRÓMACO S.A.,Antibiótico
KETOPROFENO,KETOPROFENO , CÁPSULAS 50 mg,LABORATORIO CHILE S.A.,Analgésico / Antiinflamatorio
KETOPROFENO,FLOGOFIN , CÁPSULAS 50 mg,LABORATORIO CHILE S.A.,Analgésico / Antiinflamatorio
VENLAFAXINA,ECTIEN XR , CÁPSULAS CON MICROGRÁNULOS RECUBIERTOS DE LIBERACIÓN PROLONGADA 150 mg,LABORATORIO CHILE S.A.,Antidepresivo
TELMISARTÁN,TELMEREN , COMPRIMIDOS RECUBIERTOS 80 mg,NOVARTIS CHILE S.A.,Hipertensión arterial
CEFADROXILO,ADROXEF , CÁPSULAS 500 mg,LABORATORIO CHILE S.A.,Antibiótico
PAROXETINA,PARLUXETIL , COMPRIMIDOS RECUBIERTOS 40 mg,NOVARTIS CHILE S.A.,Antidepresivo
PAROXETINA,PARLUXETIL , COMPRIMIDOS RECUBIERTOS 20 mg,NOVARTIS CHILE S.A.,Antidepresivo
OLANZAPINA,PSITAB  , COMPRIMIDOS 10 mg,SYNTHON  CHILE LTDA.,Tratamiento de esquizofrenia
ESCITALOPRAM,CELTIUM , COMPRIMIDOS RECUBIERTOS 20 mg.,LABORATORIOS SAVAL S.A.,Antidepresivo
ESCITALOPRAM,CELTIUM , COMPRIMIDOS RECUBIERTOS 10 mg,LABORATORIOS SAVAL S.A.,Antidepresivo
ENALAPRIL,ENALAPRIL MALEATO , COMPRIMIDOS 10 mg,MINTLAB  CO. S.A.,Hipertensión arterial - insuficiencia cardíaca
ENALAPRIL,DIOTENSIL , COMPRIMIDOS 20 mg,MINTLAB  CO. S.A.,Hipertensión arterial - insuficiencia cardíaca
ENALAPRIL,ENALAPRIL MALEATO , COMPRIMIDOS 20 mg,MINTLAB  CO. S.A.,Hipertensión arterial - insuficiencia cardíaca
ENALAPRIL,DIOTENSIL , COMPRIMIDOS 10 mg,MINTLAB  CO. S.A.,Hipertensión arterial - insuficiencia cardíaca
DOMPERIDONA,GASDOL , COMPRIMIDOS 10 mg,LABORATORIO BAGÓ DE CHILE S.A.,Antiemético
SERTRALINA,DIELOFT , COMPRIMIDOS RECUBIERTOS 100 mg,SANOFI-AVENTIS DE CHILE S.A.,Antidepresivo
TERBINAFINA,TERBINAFINA , COMPRIMIDOS 250 mg,MINTLAB  CO. S.A.,Antimicotico
TERBINAFINA,DONTER , COMPRIMIDOS 250 mg,MINTLAB  CO. S.A.,Antimicotico
ATORVASTATINA,VOLUNTA , COMPRIMIDOS RECUBIERTOS 10 mg (ATORVASTATINA),SANOFI-AVENTIS DE CHILE S.A.,Disminución del colesterol
ATORVASTATINA,VOLUNTA , COMPRIMIDOS RECUBIERTOS 20 mg (ATORVASTATINA),SANOFI-AVENTIS DE CHILE S.A.,Disminución del colesterol
ATORVASTATINA,VOLUNTA , COMPRIMIDOS RECUBIERTOS 40 mg (ATORVASTATINA),SANOFI-AVENTIS DE CHILE S.A.,Disminución del colesterol
ATORVASTATINA,VOLUNTA , COMPRIMIDOS RECUBIERTOS 80 mg (ATORVASTATINA),SANOFI-AVENTIS DE CHILE S.A.,Disminución del colesterol
NITROFURANTOÍNA,MACROSAN , CÁPSULAS 100 mg,INSTITUTO SANITAS S.A.,Antibiótico
ETINILESTRADIOL / DESOGESTREL,SOLUNA E , COMPRIMIDOS,MINTLAB  CO. S.A.,Anticonceptivo
METFORMINA CLORHIDRATO,METFORMINA CLORHIDRATO , COMPRIMIDOS 850 mg,LABORATORIO CHILE S.A.,Tratamiento de Diabetes Mellitus
ESCITALOPRAM,ESC , COMPRIMIDOS RECUBIERTOS 20 mg,LABORATORIOS EUROMED CHILE S.A.,Antidepresivo
PARACETAMOL,PARACETAMOL , COMPRIMIDOS 500 mg,LABORATORIO MAVER S.A.,Analgésico / Antipirético
PARACETAMOL,TAPSIN PURO SIN CAFEÍNA , COMPRIMIDOS 500 mg,LABORATORIO MAVER S.A.,Analgésico / Antipirético
NITROFURANTOÍNA,MACROSAN , CÁPSULAS 50 mg,INSTITUTO SANITAS S.A.,Antibiótico
LAMOTRIGINA,LETICO , COMPRIMIDOS 50 mg,LABORATORIOS EUROMED CHILE S.A.,Antiepiléptico - Estabilizador del estado de ánimo
FLUOXETINA,FLUOXETINA , COMPRIMIDOS 20 mg,LABORATORIOS ANDRÓMACO S.A.,Antidepresivo
FUROSEMIDA,FUROSEMIDA , COMPRIMIDOS 40 mg,LABORATORIOS ANDRÓMACO S.A.,Diurético
PARACETAMOL,FOCUS , COMPRIMIDOS  500 mg,BAYER S.A.,Analgésico / Antipirético
MEMANTINA,MENTIUM , COMPRIMIDOS RECUBIERTOS 10 mg ,SYNTHON  CHILE LTDA.,Tratamiento de Alzheimer
MEMANTINA,MENTIUM , COMPRIMIDOS RECUBIERTOS 20 mg,SYNTHON  CHILE LTDA.,Tratamiento de Alzheimer
METFORMINA CLORHIDRATO,METFORMINA CLORHIDRATO , COMPRIMIDOS RECUBIERTOS 500 mg,INSTITUTO SANITAS S.A.,Tratamiento de Diabetes Mellitus
VENLAFAXINA,ECTIEN XR , CÁPSULAS CON MICROGRÁNULOS RECUBIERTOS DE LIBERACIÓN PROLONGADA 37 mg,LABORATORIO CHILE S.A.,Antidepresivo
VENLAFAXINA,ECTIEN XR , CÁPSULAS CON MICROGRÁNULOS RECUBIERTOS DE LIBERACIÓN PROLONGADA 75 mg,LABORATORIO CHILE S.A.,Antidepresivo
ISOTRETINOÍNA,ISDIBEN , CÁPSULAS BLANDAS 20 mg,ISDIN CHILE LTDA.,Tratamiento de Acné
ETINILESTRADIOL / LEVONORGESTREL,LEVONORGESTREL / ETINILESTRADIOL 150/30 , COMPRIMIDOS RECUBIERTOS,MINTLAB  CO. S.A.,Anticonceptivo
PARACETAMOL,PANAGESIC , COMPRIMIDOS 500 mg,CHEMOPHARMA  S.A.,Analgésico / Antipirético
TELMISARTÁN,TELMEREN , COMPRIMIDOS   40 mg,NOVARTIS CHILE S.A.,Hipertensión arterial
CICLOBENZAPRINA,TENSIOMAX , COMPRIMIDOS RECUBIERTOS 5 mg,LABORATORIO BAGÓ DE CHILE S.A.,Relajante muscular
PREDNISONA,PREDNISONA , COMPRIMIDOS 5 mg,LABORATORIO PASTEUR S.A.,Corticoterapia
ROSUVASTATINA,MEXIS , COMPRIMIDOS RECUBIERTOS 20 mg,MINTLAB Co. S.A.,Disminución del colesterol
DESLORATADINA,NEOCLARITINE , COMPRIMIDOS RECUBIERTOS 5 mg,MERCK SHARP & DOHME CHILE LTDA.,Antialérgico
PARACETAMOL,SUPRACALM , COMPRIMIDOS 1 g,TECNOFARMA S.A.,Analgésico / Antipirético
SILDENAFIL,SIAFIL , COMPRIMIDOS RECUBIERTOS 100 mg,SYNTHON  CHILE LTDA.,Tratamiento de la Disfunción Eréctil
ROSUVASTATINA,MEXIS , COMPRIMIDOS RECUBIERTOS 10 mg,MINTLAB Co. S.A.,Disminución del colesterol
RASAGILINA,RANGAR , COMPRIMIDOS 1 mg,ASCEND LABORATORIES SpA,Tratamiento de Parkinson
CELECOXIB,CELEDOX , CÁPSULAS  200 mg,SYNTHON  CHILE LTDA.,Analgésico / Antiinflamatorio
LEVETIRACETAM,LEVEPSY , COMPRIMIDOS RECUBIERTOS 1000 mg,INDOPHARMA S.A.,Antiepiléptico - Estabilizador del estado de ánimo
LEVETIRACETAM,LEVEPSY , COMPRIMIDOS RECUBIERTOS 500 mg,INDOPHARMA S.A.,Antiepiléptico - Estabilizador del estado de ánimo
QUETIAPINA,QUETIAPINA , COMPRIMIDOS RECUBIERTOS 200 mg,ASCEND LABORATORIES SpA,Trastornos mentales
QUETIAPINA,QUETIAPINA , COMPRIMIDOS RECUBIERTOS 300 mg,ASCEND LABORATORIES SpA,Trastornos mentales
ESCITALOPRAM,LUNDYA , COMPRIMIDOS RECUBIERTOS 10 mg,SYNTHON  CHILE LTDA.,Antidepresivo
CLOZAPINA,LODUX , COMPRIMIDOS 25 mg,SYNTHON  CHILE LTDA.,Trastornos mentales
ESCITALOPRAM,LUNDYA , COMPRIMIDOS RECUBIERTOS 20 mg,SYNTHON  CHILE LTDA.,Antidepresivo
QUETIAPINA,QUETIAPINA , COMPRIMIDOS RECUBIERTOS 100 mg,ASCEND LABORATORIES SpA,Trastornos mentales
ATORVASTATINA,ATORVASTATINA , COMPRIMIDOS RECUBIERTOS 20 mg,LABORATORIOS EUROMED CHILE S.A.,Disminución del colesterol
ATORVASTATINA,ATORVASTATINA , COMPRIMIDOS RECUBIERTOS 40 mg,LABORATORIOS EUROMED CHILE S.A.,Disminución del colesterol
LAMIVUDINA,LAMIVUDINA, SOLUCIÓN ORAL 50 mg/5 mL ,INDOPHARMA S.A.,tratamiento de VIH/SIDA
LEVETIRACETAM,PREBB , COMPRIMIDOS RECUBIERTOS 500 mg,SYNTHON  CHILE LTDA.,Antiepiléptico - Estabilizador del estado de ánimo
LEVETIRACETAM,PREBB , COMPRIMIDOS RECUBIERTOS 1000 mg,SYNTHON  CHILE LTDA.,Antiepiléptico - Estabilizador del estado de ánimo
VALSARTÁN,VALVITAE , COMPRIMIDOS RECUBIERTOS 80 mg,GALENICUM HEALTH CHILE S.p.A.,Hipertensión arterial
ZOPICLONA,ZOMETIC , COMPRIMIDOS RECUBIERTOS 7,CHEMOPHARMA  S.A.,Inductor del sueño
DIGOXINA,DIGOXINA , COMPRIMIDOS 5 mg,SYNTHON CHILE LTDA.,Antiarrítmico
AMOXICILINA+CLAVULÁNICO,CLAVAM DUO 875/125 , COMPRIMIDOS RECUBIERTOS 25 mg,LABORATORIOS EUROMED CHILE S.A.,Antibiótico
CICLOSPORINA,EQUORAL, SOLUCIÓN ORAL 100 mg/mL,LABORATORIO CHILE S.A.,Trasplante de órganos
AMOXICILINA+CLAVULÁNICO,AMOXICILINA / ACIDO CLAVULANICO 875/125 , COMPRIMIDOS RECUBIERTOS,ASCEND LABORATORIES SpA,Antibiótico
VALSARTÁN,VALVITAE , COMPRIMIDOS RECUBIERTOS 160 mg,GALENICUM HEALTH CHILE S.p.A.,Hipertensión arterial
IMATINIB,ZEITE , COMPRIMIDOS RECUBIERTOS 400 mg,LABORATORIOS RECALCINE S.A.,Tratamiento de Leucemia
LAMIVUDINA,LAMIVUDINA , COMPRIMIDOS RECUBIERTOS 150 mg,INDOPHARMA S.A.,tratamiento de VIH/SIDA
ESCITALOPRAM,ESC  , COMPRIMIDOS RECUBIERTOS 10 mg,LABORATORIOS EUROMED CHILE S.A.,Antidepresivo
NEVIRAPINA,NEVIRAPINA , COMPRIMIDOS 200 mg,INDOPHARMA S.A.,tratamiento de VIH/SIDA
LOSARTÁN,LOSARTÁN POTÁSICO , COMPRIMIDOS RECUBIERTOS 50 mg,SYNTHON  CHILE LTDA.,Hipertensión arterial
VALSARTÁN,TAMCORE , COMPRIMIDOS RECUBIERTOS 80 mg (VALSARTÁN),SANOFI-AVENTIS DE CHILE S.A.,Hipertensión arterial
VALSARTÁN,TAMCORE , COMPRIMIDOS RECUBIERTOS 160 mg (VALSARTÁN),SANOFI-AVENTIS DE CHILE S.A.,Hipertensión arterial
VALSARTÁN,TAMCORE , COMPRIMIDOS RECUBIERTOS 320 mg (VALSARTÁN),SANOFI-AVENTIS DE CHILE S.A.,Hipertensión arterial
NAPROXENO,NAPROXENO SÓDICO , COMPRIMIDOS RECUBIERTOS 550 mg,LABORATORIOS ANDRÓMACO S.A.,Analgésico / Antiinflamatorio
NAPROXENO,TRIOX N.F. FORTE , COMPRIMIDOS RECUBIERTOS 550 mg,LABORATORIOS ANDRÓMACO S.A.,Analgésico / Antiinflamatorio
MELOXICAM,MELODOL , COMPRIMIDOS 15 mg,LABORATORIOS RAFFO S.A.,Analgésico / Antiinflamatorio
CIPROFLOXACINO,CIPROFLOXACINO , COMPRIMIDOS RECUBIERTOS 500 mg,INTERPHARMA S.A.,Antibiótico
FLUCONAZOL,PLUSGIN , CÁPSULAS 150 mg,LABORATORIOS RAFFO S.A.,Antifúngico
SILDENAFIL,SILDENAFILO , COMPRIMIDOS RECUBIERTOS 100 mg,GALENICUM HEALTH CHILE S.p.A.,Tratamiento de la Disfunción Eréctil
ANASTROZOL,ANASVITAE , COMPRIMIDOS RECUBIERTOS 1 mg,GALENICUM HEALTH CHILE S.p.A.,Cáncer de mama
ANASTROZOL,ANASTROZOL , COMPRIMIDOS RECUBIERTOS 1 mg,LABORATORIOS EUROMED CHILE S.A.,Cáncer de mama
TRIMEBUTINA,TREBUTEL , COMPRIMIDOS 100 mg,LABORATORIOS ANDRÓMACO S.A.,Antiespasmádico
TRIMEBUTINA,TRIMEBUTINA MALEATO , COMPRIMIDOS 100 mg,LABORATORIOS ANDRÓMACO S.A.,Antiespasmádico
ESCITALOPRAM,REPOSIL , COMPRIMIDOS RECUBIERTOS 10 mg,MEDIPHARM LTDA.,Antidepresivo
CIPROFLOXACINO,CIRIAX , COMPRIMIDOS RECUBIERTOS 500 mg,PHARMA INVESTI DE CHILE S.A.,Antibiótico
CLOMIPRAMINA,AUSENTRON , COMPRIMIDOS RECUBIERTOS 25 mg,LABORATORIO CHILE S.A.,Antidepresivo
CETIRIZINA,CETIRIZINA DICLORHIDRATO , COMPRIMIDOS RECUBIERTOS 10 mg,SYNTHON CHILE LTDA.,Antialérgico
SILDENAFIL,SILDENAFILO , COMPRIMIDOS RECUBIERTOS 50 mg,GALENICUM HEALTH CHILE S.p.A.,Tratamiento de la Disfunción Eréctil
CILOSTAZOL,CILOSVITAE , COMPRIMIDOS 100 mg,GALENICUM HEALTH CHILE S.p.A.,Antiagregante plaquetario / Vasodilatador
CETIRIZINA,SIXACINA , COMPRIMIDOS RECUBIERTOS 10 mg,SYNTHON  CHILE LTDA.,Antialérgico
SILDENAFIL,ZILFIC , COMPRIMIDOS RECUBIERTOS 100 mg,MINTLAB  CO. S.A.,Tratamiento de la Disfunción Eréctil
SILDENAFIL,SILDENAFIL , COMPRIMIDOS RECUBIERTOS 100 mg,MINTLAB  CO. S.A.,Tratamiento de la Disfunción Eréctil
AMOXICILINA+CLAVULÁNICO,CLAVOXILINA BID 875/125 , COMPRIMIDOS RECUBIERTOS,LABORATORIOS LAFI LTDA.,Antibiótico
DESOGESTREL,SOLUNA , COMPRIMIDOS 75 mcg ,MINTLAB  CO. S.A.,Anticonceptivo
ZOLPIDEM,SOMNIPRON , COMPRIMIDOS RECUBIERTOS 10 mg,INSTITUTO SANITAS S.A.,Inductor del sueño / Sedante
FAMOTIDINA,FAMOTIDINA , COMPRIMIDOS RECUBIERTOS 40 mg,OPKO CHILE S.A.,Tratamiento de Ulceras Gastricas y Reflujo Gastroesofágico
ETINILESTRADIOL / GESTODENO,PRENAL , COMPRIMIDOS RECUBIERTOS,MINTLAB  CO. S.A.,Anticonceptivo
ESCITALOPRAM,ESCITALOPRAM , COMPRIMIDOS RECUBIERTOS 10 mg,LABORATORIO CHILE S.A.,Antidepresivo
ESCITALOPRAM,ECTIBAN , COMPRIMIDOS RECUBIERTOS 10 mg,LABORATORIO CHILE S.A.,Antidepresivo
GALANTAMINA,GALANVITAE , CÁPSULAS CON COMPRIMIDOS DE LIBERACIÓN PROLONGADA 8 mg (GALANTAMINA),GALENICUM HEALTH CHILE S.p.A.,Tratamiento de Alzheimer
GALANTAMINA,GALANVITAE  , CÁPSULAS CON COMPRIMIDOS DE LIBERACIÓN PROLONGADA 16 mg,GALENICUM HEALTH CHILE S.p.A.,Tratamiento de Alzheimer
TRIMEBUTINA,TRIMEBUTINO MALEATO , COMPRIMIDOS 100 mg.,MINTLAB  CO. S.A.,Antiespasmádico
EXEMESTANO,EXEVITAE , COMPRIMIDOS RECUBIERTOS 25 mg,GALENICUM HEALTH CHILE S.p.A.,Cáncer de mama
METFORMINA CLORHIDRATO,OXEMET , COMPRIMIDOS RECUBIERTOS 1000 mg,GLAXOSMITHKLINE CHILE FARMACÉUTICA LTDA.,Tratamiento de Diabetes Mellitus
PARACETAMOL,GENIOL , COMPRIMIDOS 500 mg,MINTLAB  CO. S.A.,Analgésico / Antipirético
IBUPROFENO,PYRIPED , CÁPSULAS BLANDAS 400 mg,MINTLAB  CO. S.A.,Analgésico / Antiinflamatorio
PARACETAMOL,PARACETAMOL , COMPRIMIDOS 500 mg,MINTLAB Co. S.A.,Analgésico / Antipirético
TAMSULOSINA,SULIX , CÁPSULAS CON GRÁNULOS RECUBIERTOS DE LIBERACIÓN PROLONGADA,SYNTHON  CHILE LTDA.,Cáncer de próstata
CEFUROXIMA,CEFUROXIMA , COMPRIMIDOS RECUBIERTOS 500 mg,ASCEND LABORATORIES SpA,Antibiótico
ESCITALOPRAM,ESCITAVITAE , COMPRIMIDOS RECUBIERTOS 20 mg,GALENICUM HEALTH CHILE S.p.A.,Antidepresivo
ESCITALOPRAM,ESCITAVITAE , COMPRIMIDOS RECUBIERTOS 10 mg,GALENICUM HEALTH CHILE S.p.A.,Antidepresivo
ETINILESTRADIOL / LEVONORGESTREL,MINEVA E-20, GRAGEAS,MINTLAB  CO. S.A.,Anticonceptivo
DULOXETINA,DULOXETINA , CÁPSULAS CON GRÁNULOS CON RECUBRIMIENTO ENTÉRICO 60 mg,ASCEND LABORATORIES SpA,Antidepresivo
MELOXICAM,MELODOL , COMPRIMIDOS 5 mg (MELOXICAM),LABORATORIOS RAFFO S.A.,Analgésico / Antiinflamatorio
CELECOXIB,GESIX , CÁPSULAS 200 mg (CELECOXIB),LABORATORIOS SAVAL S.A.,Analgésico / Antiinflamatorio
IBUPROFENO,IBUCON , COMPRIMIDOS RECUBIERTOS 400 mg,LABORATORIOS  EUROMED CHILE S.A.,Analgésico / Antiinflamatorio
BETAHISTINA,BETINA , COMPRIMIDOS 24 mg,LABORATORIOS EUROMED CHILE S.A.,Antivertiginoso
BETAHISTINA,BETINA , COMPRIMIDOS 16 mg,LABORATORIOS EUROMED CHILE S.A.,Antivertiginoso
BETAHISTINA,BETINA , COMPRIMIDOS  8 mg,LABORATORIOS EUROMED CHILE S.A.,Antivertiginoso
FINASTERIDA,FINASTERIDA , COMPRIMIDOS RECUBIERTOS 5 mg,ASCEND LABORATORIES SpA,Hiperplasia Prostática Benigna (HPB)
METRONIDAZOL,METROPAST , COMPRIMIDOS 500 mg,LABORATORIO PASTEUR S.A.,Antibiótico - Antiparasitario
LEVETIRACETAM,LEVEVITAE , COMPRIMIDOS RECUBIERTOS 1000 mg,GALENICUM HEALTH CHILE S.p.A.,Antiepiléptico - Estabilizador del estado de ánimo
OMEPRAZOL,ZOMEPRAL , CÁPSULAS CON GRÁNULOS CON RECUBRIMIENTO ENTERICO 2O mg (OMEPRAZOL),LABORATORIO CHILE S.A.,Tratamiento de Ulceras Gastricas y Reflujo Gastroesofágico
OMEPRAZOL,OMEPRAZOL , CÁPSULAS CON GRANULOS CON RECUBRIMIENTO ENTERICO,LABORATORIO CHILE S.A.,Tratamiento de Ulceras Gastricas y Reflujo Gastroesofágico
CLOZAPINA,LODUX , COMPRIMIDOS 100 mg,SYNTHON  CHILE LTDA.,Trastornos mentales
MEMANTINA,MEMANVITAE , COMPRIMIDOS RECUBIERTOS 10 mg,GALENICUM HEALTH CHILE S.p.A.,Tratamiento de Alzheimer
ÁCIDO ACETILSALICÍLICO,ÁCIDO ACETIL SALICÍLICO , COMPRIMIDOS 500 mg,MINTLAB  CO. S.A.,Analgésico / Antipirético
ÁCIDO ACETILSALICÍLICO,HASSAPIRIN , COMPRIMIDOS 500 mg.,MINTLAB  CO. S.A.,Analgésico / Antipirético
CICLOBENZAPRINA,MIO-RELAX , COMPRIMIDOS RECUBIERTOS  10 mg,LABORATORIOS EUROMED CHILE S.A.,Relajante muscular
ETINILESTRADIOL / DROSPIRENONA,LADYGEX , COMPRIMIDOS,MINTLAB  CO. S.A.,Anticonceptivo
ALPRAZOLAM,ALPRAZOLAM , COMPRIMIDOS 25 mg,MINTLAB  CO. S.A.,Ansiedad
ALPRAZOLAM,ALPRAZOLAM , COMPRIMIDOS 5 mg,MINTLAB  CO. S.A.,Ansiedad
TRIMEBUTINA,DOLPIC , COMPRIMIDOS 200 mg,LABORATORIO PASTEUR S.A.,Antiespasmádico
ENALAPRIL,ENALAPRIL MALEATO , COMPRIMIDOS 5 mg,MINTLAB  CO. S.A.,Hipertensión arterial - insuficiencia cardíaca
ENALAPRIL,DIOTENSIL , COMPRIMIDOS 5 mg,MINTLAB  CO. S.A.,Hipertensión arterial - insuficiencia cardíaca
MEMANTINA,MEMANTINA CLORHIDRATO , COMPRIMIDOS RECUBIERTOS 10 mg,LABORATORIOS RAFFO S.A.,Tratamiento de Alzheimer
ENALAPRIL,ENALAPRIL MALEATO , COMPRIMIDOS 10 mg,LABORATORIO MAVER S.A.,Hipertensión arterial - insuficiencia cardíaca
TAMSULOSINA,SULIX , CÁPSULAS CON GRÁNULOS DE LIBERACIÓN PROLONGADA 4 mg (TAMSULOSINA CLORHIDRATO),SYNTHON  CHILE LTDA.,Cáncer de próstata
IRBESARTÁN,IRBEVITAE , COMPRIMIDOS RECUBIERTOS 150 mg (IRBESARTAN),GALENICUM HEALTH CHILE S.p.A.,Hipertensión arterial
IRBESARTÁN,IRBEVITAE , COMPRIMIDOS RECUBIERTOS 300 mg (IRBESARTAN),GALENICUM HEALTH CHILE S.p.A.,Hipertensión arterial
SERTRALINA,SEDORAN , COMPRIMIDOS RECUBIERTOS 100 mg,LABORATORIOS RAFFO S.A.,Antidepresivo
SERTRALINA,SEDORAN , COMPRIMIDOS RECUBIERTOS 50mg,LABORATORIOS RAFFO S.A.,Antidepresivo
TOPIRAMATO,AMATO , COMPRIMIDOS RECUBIERTOS  100 mg,LABORATORIOS EUROMED CHILE S.A.,Antiepiléptico
ÁCIDO ACETILSALICÍLICO,HASSAPIRIN INFANTIL , COMPRIMIDOS 100 mg,MINTLAB  CO. S.A.,Analgésico / Antipirético
ÁCIDO ACETILSALICÍLICO,ÁCIDO ACETIL SALICÍLICO , COMPRIMIDOS 100 mg,MINTLAB  CO. S.A.,Analgésico / Antipirético
CIPROFLOXACINO,CIPROFLOXACINO , COMPRIMIDOS RECUBIERTOS 500 mg,ASCEND LABORATORIES SpA,Antibiótico
DEFLAZACORT,DISFLAX , COMPRIMIDOS 30 mg,FAES FARMA CHILE,Corticoterapia
ATENOLOL,ATENOLOL , COMPRIMIDOS 50 mg,LABORATORIOS ANDRÓMACO S.A.,Hipertensión arterial
DEFLAZACORT,DISFLAX , COMPRIMIDOS 6 mg,FAES FARMA CHILE,Corticoterapia
CLOPIDOGREL,LYVELSA , COMPRIMIDOS RECUBIERTOS 75 mg (CLOPIDOGREL),BAYER S.A.,Antiagregante plaquetario
LETROZOL,LETROVITAE , COMPRIMIDOS RECUBIERTOS,GALENICUM HEALTH CHILE S.p.A.,Cáncer de mama
IMATINIB,MATINAC , COMPRIMIDOS RECUBIERTOS 400 mg,PHARMA INVESTI DE CHILE S.A.,Tratamiento de Leucemia
LAMOTRIGINA,TRADOX , COMPRIMIDOS 50 mg,LABORATORIOS ANDRÓMACO S.A.,Antiepiléptico - Estabilizador del estado de ánimo
LEVETIRACETAM,LEVEVITAE , COMPRIMIDOS RECUBIERTOS 500mg,GALENICUM HEALTH CHILE S.p.A.,Antiepiléptico - Estabilizador del estado de ánimo
METFORMINA CLORHIDRATO,METFORMINA CLORHIDRATO , COMPRIMIDOS RECUBIERTOS 850 mg,OPKO CHILE S.A.,Tratamiento de Diabetes Mellitus
TAMSULOSINA,SULIX L.C. , COMPRIMIDOS DE LIBERACIÓN PROLONGADA 4 mg,SYNTHON  CHILE LTDA.,Cáncer de próstata
ESCITALOPRAM,PREXAN  , COMPRIMIDOS RECUBIERTOS 10 mg (ESCITALOPRAM) ,MINTLAB Co. S.A.,Antidepresivo
ISOTRETINOÍNA,ORALNE , CÁPSULAS BLANDAS 5 mg (ISOTRETINOÍNA),DEUTSCHE PHARMA S.A.,Tratamiento de Acné
SILDENAFIL,ENHORA , COMPRIMIDOS RECUBIERTOS 100 mg,OPKO CHILE S.A.,Tratamiento de la Disfunción Eréctil
SILDENAFIL,ENHORA , COMPRIMIDOS RECUBIERTOS 50 mg,OPKO CHILE S.A.,Tratamiento de la Disfunción Eréctil
DIAZEPAM,DIAZEPAM , COMPRIMIDOS 10 mg,MINTLAB  CO. S.A.,Ansiedad
IBUPROFENO,IBUPROFENO , COMPRIMIDOS RECUBIERTOS 400 mg,ASCEND LABORATORIES SpA,Analgésico / Antiinflamatorio
ESCITALOPRAM,ESCITALOPRAM , COMPRIMIDOS RECUBIERTOS 10 mg ,MINTLAB Co. S.A.,Antidepresivo
IBUPROFENO,IBUPROFENO , COMPRIMIDOS RECUBIERTOS 400 mg,ASCEND LABORATORIES SpA,Analgésico / Antiinflamatorio
METFORMINA CLORHIDRATO,METFORMINA CLORHIDRATO , COMPRIMIDOS RECUBIERTOS 850 mg,ASCEND LABORATORIES SpA,Tratamiento de Diabetes Mellitus
CELECOXIB,COXDOS , CÁPSULAS 200 mg,LABORATORIOS ANDRÓMACO S.A.,Analgésico / Antiinflamatorio
PARACETAMOL,PARACETAMOL , COMPRIMIDOS 500 mg ,OPKO CHILE S.A.,Analgésico / Antipirético
PAROXETINA,PAROXETINA , COMPRIMIDOS RECUBIERTOS 20 mg,MINTLAB  CO. S.A.,Antidepresivo
PAROXETINA,SUPTRAN , COMPRIMIDOS RECUBIERTOS 20 mg,MINTLAB  CO. S.A.,Antidepresivo
ESCITALOPRAM,ERLINIZ , COMPRIMIDOS RECUBIERTOS 10 mg (ESCITALOPRAM),SANOFI-AVENTIS DE CHILE S.A.,Antidepresivo
ESCITALOPRAM,ERLINIZ , COMPRIMIDOS RECUBIERTOS 20 mg (Escitalopram),SANOFI-AVENTIS DE CHILE S.A.,Antidepresivo
IBUPROFENO,IBUPROFENO , COMPRIMIDOS RECUBIERTOS 600 mg,ASCEND LABORATORIES SpA,Analgésico / Antiinflamatorio
IBUPROFENO,IBUPROFENO , COMPRIMIDOS RECUBIERTOS 600 mg,ASCEND LABORATORIES SpA,Analgésico / Antiinflamatorio
METFORMINA CLORHIDRATO,METFORMINA CLORHIDRATO , COMPRIMIDOS RECUBIERTOS 1000 mg,INSTITUTO SANITAS S.A.,Tratamiento de Diabetes Mellitus
OLANZAPINA,OLEXAR , COMPRIMIDOS RECUBIERTOS 10 mg,INDOPHARMA S.A.,Tratamiento de esquizofrenia
VALSARTÁN / HIDROCLOROTIAZIDA,VALVITAE PLUS 80/12 , COMPRIMIDOS RECUBIERTOS,GALENICUM HEALTH CHILE S.p.A.,Hipertensión arterial
VALSARTÁN / HIDROCLOROTIAZIDA,VALVITAE PLUS 160/25 , COMPRIMIDOS RECUBIERTOS ,GALENICUM HEALTH CHILE S.p.A.,Hipertensión arterial
VALSARTÁN,DOSARA , COMPRIMIDOS RECUBIERTOS 160 mg (VALSARTÁN),LABORATORIOS ANDRÓMACO S.A.,Hipertensión arterial
VALSARTÁN,DOSARA , COMPRIMIDOS RECUBIERTOS 80 mg (VALSARTAN),LABORATORIOS ANDRÓMACO S.A.,Hipertensión arterial
ALPRAZOLAM,ALPRAZOLAM , COMPRIMIDOS 5 mg,LABORATORIOS ANDRÓMACO S.A.,Ansiedad
ESCITALOPRAM,IPRAN , COMPRIMIDOS RECUBIERTOS 10 mg,LABORATORIOS RECALCINE S.A.,Antidepresivo
CICLOBENZAPRINA,MIO-RELAX , COMPRIMIDOS RECUBIERTOS 5 mg,LABORATORIOS EUROMED CHILE S.A.,Relajante muscular
ESCITALOPRAM,IPRAN , COMPRIMIDOS RECUBIERTOS 20 mg,LABORATORIOS RECALCINE S.A.,Antidepresivo
CITALOPRAM,CIMAL , COMPRIMIDOS RECUBIERTOS 20 mg,LABORATORIOS LAFI LTDA.,Antidepresivo
ENALAPRIL,ENALAPRIL MALEATO , COMPRIMIDOS RECUBIERTOS 10 mg,LABORATORIOS ANDRÓMACO S.A.,Hipertensión arterial - insuficiencia cardíaca
CITALOPRAM,CIMAL , COMPRIMIDOS RECUBIERTOS 40 mg,LABORATORIOS LAFI LTDA.,Antidepresivo
CICLOBENZAPRINA,NOSTADEN , COMPRIMIDOS RECUBIERTOS 10 mg.,MINTLAB  CO. S.A.,Relajante muscular
DEFLAZACORT,DEZARTAL , COMPRIMIDOS 6 mg (DEFLAZACORT),LABORATORIOS ANDRÓMACO S.A.,Corticoterapia
ACENOCUMAROL,COAROL , COMPRIMIDOS 4 mg,LABORATORIOS ANDRÓMACO S.A.,Anticoagulante
QUETIAPINA,NORSIC , COMPRIMIDOS RECUBIERTOS 25 mg (QUETIAPINA),LABORATORIOS ANDRÓMACO S.A.,Trastornos mentales
QUETIAPINA,NORSIC , COMPRIMIDOS RECUBIERTOS 100 mg  (QUETIAPINA),LABORATORIOS ANDRÓMACO S.A.,Trastornos mentales
HIDROCLOROTIAZIDA,HIDROCLOROTIAZIDA , COMPRIMIDOS 50 mg,LABORATORIO CHILE S.A.,Diurético
LOSARTÁN,CORODIN , COMPRIMIDOS RECUBIERTOS 100 mg,LABORATORIOS LAFI LTDA.,Hipertensión arterial
SILDENAFIL,PLUSEFEC , COMPRIMIDOS RECUBIERTOS 100 mg,CHEMOPHARMA S.A.,Tratamiento de la Disfunción Eréctil
SILDENAFIL,ALFIN , COMPRIMIDOS RECUBIERTOS 100 mg,INSTITUTO SANITAS S.A.,Tratamiento de la Disfunción Eréctil
PARACETAMOL,PARACETAMOL , COMPRIMIDOS 500 mg,LABORATORIO CHILE S.A.,Analgésico / Antipirético
PARACETAMOL,HEADOL , COMPRIMIDOS 500 mg,LABORATORIOS  MDK S.A.,Analgésico / Antipirético
DEFLAZACORT,DEZARTAL , COMPRIMIDOS 30 mg,LABORATORIOS ANDRÓMACO S.A.,Corticoterapia
QUETIAPINA,QUETIAPINA , COMPRIMIDOS RECUBIERTOS 25 mg,LABORATORIOS ANDRÓMACO S.A.,Trastornos mentales
QUETIAPINA,QUETIAPINA , COMPRIMIDOS RECUBIERTOS 100 mg,LABORATORIOS ANDRÓMACO S.A.,Trastornos mentales
SILDENAFIL,DIRTOP , COMPRIMIDOS RECUBIERTOS 50 mg,MEDIPHARM LTDA.,Tratamiento de la Disfunción Eréctil
SILDENAFIL,RIPOL , COMPRIMIDOS RECUBIERTOS 50 mg,LABORATORIO CHILE S.A.,Tratamiento de la Disfunción Eréctil
IBUPROFENO,BEDIATIL , COMPRIMIDOS 200 mg (IBUPROFENO),LABORATORIO PASTEUR S.A.,Analgésico / Antiinflamatorio
IBUPROFENO,BEDIATIL , COMPRIMIDOS RECUBIERTOS 400 mg (IBUPROFENO),LABORATORIO PASTEUR S.A.,Analgésico / Antiinflamatorio
IBUPROFENO,IBUPROFENO , COMPRIMIDOS 200 mg,LABORATORIO PASTEUR S.A.,Analgésico / Antiinflamatorio
PREGABALINA,PRESTAT , COMPRIMIDOS 150 mg,LABORATORIO BAGÓ DE CHILE S.A.,Antiepiléptico - Dolores neurólgicos
CEFALEXINA,CEFALEXINA , CÁPSULAS 250 mg,ASCEND LABORATORIES SpA,Antibiótico
PREGABALINA,PRESTAT , COMPRIMIDOS 75 mg,LABORATORIO BAGÓ DE CHILE S.A.,Antiepiléptico - Dolores neurólgicos
RASAGILINA,PARZET , COMPRIMIDOS 1 mg,SYNTHON  CHILE LTDA.,Tratamiento de Parkinson
DOMPERIDONA,DOMPERIDONA , COMPRIMIDOS 10 mg,OPKO CHILE S.A.,Antiemético
VALSARTÁN / HIDROCLOROTIAZIDA,VALVITAE PLUS 160/12 , COMPRIMIDOS RECUBIERTOS ,GALENICUM HEALTH CHILE S.p.A.,Hipertensión arterial
TACROLIMÚS,TACNI , CÁPSULAS 1 mg (TACROLIMUS),LABORATORIO CHILE S.A.,Trasplante de órganos
TACROLIMÚS,TACNI , CÁPSULAS 5 mg (TACROLIMUS),LABORATORIO CHILE S.A.,Trasplante de órganos
LEVOFLOXACINO,LEVOFLOXACINO , COMPRIMIDOS RECUBIERTOS  500 mg,LABORATORIOS EUROMED CHILE S.A.,Antibiótico
CLOPIDOGREL,Clopidogrel , COMPRIMIDOS recubiertos 300 mg,ASCEND LABORATORIES SpA,Antiagregante plaquetario
SILDENAFIL,SILDENAFILO , COMPRIMIDOS RECUBIERTOS 50 mg,LABORATORIO CHILE S.A.,Tratamiento de la Disfunción Eréctil
LOSARTÁN,LOSARTAN POTÁSICO , COMPRIMIDOS RECUBIERTOS 100mg,ASCEND LABORATORIES SpA,Hipertensión arterial
ATORVASTATINA,HIPOLIXAN , COMPRIMIDOS RECUBIERTOS 20 mg,LABORATORIO PASTEUR S.A.,Disminución del colesterol
ATORVASTATINA,HIPOLIXAN , COMPRIMIDOS RECUBIERTOS 10 mg,LABORATORIO PASTEUR S.A.,Disminución del colesterol
ATORVASTATINA,ATORVASTATINA , COMPRIMIDOS RECUBIERTOS 10 mg,LABORATORIO PASTEUR S.A.,Disminución del colesterol
CAPECITABINA,CATEGOR , COMPRIMIDOS RECUBIERTOS 150 mg,NOVARTIS CHILE S.A.,Cáncer del tracto gastrointestinal y de mama
CAPECITABINA,CATEGOR , COMPRIMIDOS RECUBIERTOS 500 mg,NOVARTIS CHILE S.A.,Cáncer del tracto gastrointestinal y de mama
FINASTERIDA,SANIPROSTOL , COMPRIMIDOS RECUBIERTOS 5 mg,INSTITUTO SANITAS S.A.,Hiperplasia Prostática Benigna (HPB)
ATORVASTATINA,HIPOLIXAN , COMPRIMIDOS RECUBIERTOS 40 mg,LABORATORIO PASTEUR S.A.,Disminución del colesterol
PARACETAMOL,SINFLU , COMPRIMIDOS 500 mg,LABORATORIO VALMA S.A.,Analgésico / Antipirético
PRAMIPEXOL,PRAMIPEXOL DICLORHIDRATO MONOHIDRATO , COMPRIMIDOS  1 mg,OPKO CHILE S.A.,Tratamiento de Parkinson
MOXIFLOXACINO,ALMAXOL , COMPRIMIDOS RECUBIERTOS 400 mg (MOXIFLOXACINO CLORHIDRATO),MINTLAB Co. S.A.,Antibiótico
MOXIFLOXACINO,MOXIFLOXACINO , COMPRIMIDOS RECUBIERTOS 400 mg (MOXIFLOXACINO CLORHIDRATO),MINTLAB Co. S.A.,Antibiótico
IBUPROFENO,IBUPROFENO , COMPRIMIDOS RECUBIERTOS 400 mg,LABORATORIOS  EUROMED CHILE S.A.,Analgésico / Antiinflamatorio
TERBINAFINA,TERBINAFINA , COMPRIMIDOS 250 mg,LABORATORIO CHILE S.A.,Antimicotico
SILDENAFIL,VITALFIL , COMPRIMIDOS RECUBIERTOS 50 mg,OPKO CHILE S.A.,Tratamiento de la Disfunción Eréctil
SILDENAFIL,VITALFIL , COMPRIMIDOS RECUBIERTOS 100 mg,OPKO CHILE S.A.,Tratamiento de la Disfunción Eréctil
CARVEDILOL,CILOKARE , COMPRIMIDOS RECUBIERTOS 25 mg,ETEX FARMACÉUTICA LTDA.,Hipertensión arterial - insuficiencia cardíaca
GEMFIBROZILO,GEMFIBROZILO , COMPRIMIDOS 600 mg,LABORATORIO PASTEUR S.A.,Disminución del lípidos
LAMOTRIGINA,TRADOX , COMPRIMIDOS 100 mg,LABORATORIOS ANDRÓMACO S.A.,Antiepiléptico - Estabilizador del estado de ánimo
LEVETIRACETAM,CEUMID , COMPRIMIDOS RECUBIERTOS 1000 mg,PHARMA INVESTI DE CHILE S.A.,Antiepiléptico - Estabilizador del estado de ánimo
TERBINAFINA,DERMOXYL , COMPRIMIDOS 250 mg,LABORATORIO CHILE S.A.,Antimicotico
QUETIAPINA,NORSIC , COMPRIMIDOS RECUBIERTOS 300 mg  (QUETIAPINA),LABORATORIOS ANDRÓMACO S.A.,Trastornos mentales
PAROXETINA,PAMAX , COMPRIMIDOS RECUBIERTOS 20 mg,INSTITUTO SANITAS S.A.,Antidepresivo
ETINILESTRADIOL / DROSPIRENONA,LADYGEX-20 , COMPRIMIDOS,MINTLAB  CO. S.A.,Anticonceptivo
ZOLPIDEM,SOMNO , COMPRIMIDOS RECUBIERTOS 10 mg,EUROLAB LTDA.,Inductor del sueño / Sedante
ZOLPIDEM,SOMNO , COMPRIMIDOS RECUBIERTOS 5 mg,EUROLAB LTDA.,Inductor del sueño / Sedante
DULOXETINA,DULOXETINA , CÁPSULAS CON GRÁNULOS CON RECUBRIMIENTO ENTÉRICO 30 mg,ASCEND LABORATORIES SpA,Antidepresivo
CETIRIZINA,FINDALER , COMPRIMIDOS RECUBIERTOS 10 mg (Cetirizina),MEDIPHARM LTDA.,Antialérgico
PREGABALINA,NEURUM , CÁPSULAS 150 mg,LABORATORIOS SAVAL S.A.,Antiepiléptico - Dolores neurólgicos
PREGABALINA,NEURUM , CÁPSULAS 75 mg,LABORATORIOS SAVAL S.A.,Antiepiléptico - Dolores neurólgicos
PREGABALINA,NEURUM , CÁPSULAS 50 mg,LABORATORIOS SAVAL S.A.,Antiepiléptico - Dolores neurólgicos
TRIMEBUTINA,TRIMEBUTINA MALEATO , CÁPSULAS BLANDAS 200 mg,LABORATORIOS EUROMED CHILE S.A.,Antiespasmádico
PAROXETINA,POSIVYL , COMPRIMIDOS RECUBIERTOS 20 mg,LABORATORIO CHILE S.A.,Antidepresivo
PAROXETINA,PAROXETINA , COMPRIMIDOS RECUBIERTOS 20 mg,LABORATORIO CHILE S.A.,Antidepresivo
ETINILESTRADIOL / LEVONORGESTREL,MINEVA E 150/30 , COMPRIMIDOS recubiertos,MINTLAB Co. S.A.,Anticonceptivo
VALSARTÁN,ALSARKARE , COMPRIMIDOS RECUBIERTOS 160 mg,ETEX FARMACÉUTICA LTDA.,Hipertensión arterial
BISOPROLOL,TENBILOL , COMPRIMIDOS RECUBIERTOS 10 mg (BISOPROLOL FUMARATO),SYNTHON CHILE LTDA.,Hipertensión arterial - insuficiencia cardíaca
IBUPROFENO,IBUPROFENO , COMPRIMIDOS RECUBIERTOS 400 mg,OPKO CHILE S.A.,Analgésico / Antiinflamatorio
IBUPROFENO,IBUPROFENO , COMPRIMIDOS 400 mg,LABORATORIO CHILE S.A.,Analgésico / Antiinflamatorio
BISOPROLOL,TENBILOL , COMPRIMIDOS RECUBIERTOS 5 mg ( BISOPROLOL FUMARATO),SYNTHON CHILE LTDA.,Hipertensión arterial - insuficiencia cardíaca
IBUPROFENO,IBUCON , COMPRIMIDOS RECUBIERTOS 600 mg,LABORATORIOS EUROMED CHILE S.A.,Analgésico / Antiinflamatorio
ISOTRETINOÍNA,ORALNE , CÁPSULAS BLANDAS 10 mg,DEUTSCHE PHARMA S.A.,Tratamiento de Acné
IBUPROFENO,IBUPROFENO , COMPRIMIDOS RECUBIERTOS 600 mg,LABORATORIOS  EUROMED CHILE S.A.,Analgésico / Antiinflamatorio
VALSARTÁN,ALSARKARE , COMPRIMIDOS RECUBIERTOS 80 mg,ETEX FARMACÉUTICA LTDA.,Hipertensión arterial
SILDENAFIL,DISILDEN  , COMPRIMIDOS RECUBIERTOS 100 mg,INTERPHARMA S.A.,Tratamiento de la Disfunción Eréctil
ESCITALOPRAM,ESCITALOPRAM , COMPRIMIDOS RECUBIERTOS 10 mg,MINTLAB  CO. S.A.,Antidepresivo
AZITROMICINA,AZITROMICINA , COMPRIMIDOS RECUBIERTOS 500 mg,ASCEND LABORATORIES SpA,Antibiótico
SILDENAFIL,SILDENAFILO , COMPRIMIDOS RECUBIERTOS 50 mg,OPKO CHILE S.A.,Tratamiento de la Disfunción Eréctil
QUETIAPINA,QUETIAPINA , COMPRIMIDOS RECUBIERTOS 25 mg,ASCEND LABORATORIES S.p.A.,Trastornos mentales
QUETIAPINA,QUETIAPINA , COMPRIMIDOS RECUBIERTOS 100 mg,ASCEND LABORATORIES S.p.A.,Trastornos mentales
DOMPERIDONA,DOMPERIDONA , COMPRIMIDOS RECUBIERTOS 10 mg,OPKO CHILE S.A.,Antiemético
LORATADINA,LORATADINA , COMPRIMIDOS 10 mg,OPKO CHILE S.A.,Antialérgico
PARACETAMOL,IMITIMOL , COMPRIMIDOS 1 g,PHARMA INVESTI DE CHILE S.A.,Analgésico / Antipirético
ISOTRETINOÍNA,ISDIBEN , CÁPSULAS BLANDAS 10 mg,ISDIN CHILE LTDA.,Tratamiento de Acné
ENALAPRIL,ENALAPRIL MALEATO , COMPRIMIDOS  10 mg,OPKO CHILE S.A.,Hipertensión arterial - insuficiencia cardíaca
SERTRALINA,EMERGEN , COMPRIMIDOS 100 mg,LABORATORIO CHILE S.A.,Antidepresivo
SERTRALINA,SERTRALINA , COMPRIMIDOS 100 mg,LABORATORIO CHILE S.A.,Antidepresivo
MIRTAZAPINA,DIVARIL , COMPRIMIDOS RECUBIERTOS 30 mg,TECNOFARMA S.A.,Antidepresivo
CLOZAPINA,LODUX , COMPRIMIDOS 25 mg,SYNTHON  CHILE LTDA.,Trastornos mentales
CLOZAPINA,LODUX , COMPRIMIDOS 100 mg,SYNTHON  CHILE LTDA.,Trastornos mentales
IBUPROFENO,IBUPROFENO , COMPRIMIDOS RECUBIERTOS 400 mg,MINTLAB  CO. S.A.,Analgésico / Antiinflamatorio
ATOMOXETINA,DEATEN , COMPRIMIDOS 80 mg,LABORATORIOS ANDRÓMACO S.A.,Antidepresivo
METOTREXATO,METOTREXATO , COMPRIMIDOS 5 mg,MINTLAB  CO. S.A.,Cáncer / Enfermedades autoinmune
ATORVASTATINA,LIPOTROPIC , COMPRIMIDOS RECUBIERTOS 40 mg,LABORATORIOS LAFI LTDA.,Disminución del colesterol
PREGABALINA,PREGOBIN , CÁPSULAS 50 mg,LABORATORIOS RECALCINE S.A.,Antiepiléptico - Dolores neurólgicos
PREGABALINA,PREGOBIN , CÁPSULAS 25 mg,LABORATORIOS RECALCINE S.A.,Antiepiléptico - Dolores neurólgicos
IBUPROFENO,IBUPROFENO , COMPRIMIDOS RECUBIERTOS 600 mg,OPKO CHILE S.A.,Analgésico / Antiinflamatorio
ISOTRETINOÍNA,ISOCIP , CÁPSULAS 30 mg,LABORATORIOS ANDRÓMACO S.A.,Tratamiento de Acné
ISOTRETINOÍNA,ISOCIP , CÁPSULAS 10 mg,LABORATORIOS ANDRÓMACO S.A.,Tratamiento de Acné
AMOXICILINA,AMOXICILINA , COMPRIMIDOS RECUBIERTOS 875 mg,LABORATORIOS  EUROMED CHILE S.A.,Antibiótico
CARVEDILOL,BLOCAR , COMPRIMIDOS 5 mg,LABORATORIO BAGÓ DE CHILE S.A.,Hipertensión arterial - insuficiencia cardíaca
IBUPROFENO,IBUPROFENO , COMPRIMIDOS RECUBIERTOS 600 mg,LABORATORIO CHILE S.A.,Analgésico / Antiinflamatorio
LINEZOLIDA,LINEZOLIDA , COMPRIMIDOS RECUBIERTOS 600 mg,NOVARTIS CHILE S.A.,Antibiótico
SEVELAMER,BRATESSE , COMPRIMIDOS RECUBIERTOS 800 mg,SYNTHON  CHILE LTDA.,Tratamiento en Insuficiencia Renal
METFORMINA CLORHIDRATO,METFORMINA , COMPRIMIDOS RECUBIERTOS 850 mg,LABORATORIOS ANDRÓMACO S.A.,Tratamiento de Diabetes Mellitus
METFORMINA CLORHIDRATO,GLIFORTEX , COMPRIMIDOS RECUBIERTOS 850 mg,LABORATORIOS ANDRÓMACO S.A.,Tratamiento de Diabetes Mellitus
LEVETIRACETAM,KREDIT , COMPRIMIDOS RECUBIERTOS 1000 mg,PHARMA INVESTI DE CHILE S.A.,Antiepiléptico - Estabilizador del estado de ánimo
CAPECITABINA,CAPECITABINA , COMPRIMIDOS RECUBIERTOS 150 mg,LABORATORIO CHILE S.A.,Cáncer del tracto gastrointestinal y de mama
CAPECITABINA,CAPECITABINA , COMPRIMIDOS RECUBIERTOS 500 mg,LABORATORIO CHILE S.A.,Cáncer del tracto gastrointestinal y de mama
ZOLPIDEM,DAMIXAN , COMPRIMIDOS RECUBIERTOS 10 mg,MEDIPHARM LTDA.,Inductor del sueño / Sedante
IBUPROFENO,IBUPIRAC LC , CÁPSULAS BLANDAS 200 mg,CHEMOPHARMA S.A.,Analgésico / Antiinflamatorio
SILDENAFIL,DISILDEN  , COMPRIMIDOS RECUBIERTOS 50 mg,INTERPHARMA S.A.,Tratamiento de la Disfunción Eréctil
PARACETAMOL,GESIDOL , COMPRIMIDOS 500 mg,MEDIPHARM LTDA.,Analgésico / Antipirético
TAMOXIFENO,TAXUS , COMPRIMIDOS 20 mg,TECNOFARMA S.A.,Cáncer de mama
SERTRALINA,SERTRALINA , COMPRIMIDOS RECUBIERTOS 50 mg,MINTLAB Co. S.A.,Antidepresivo
SERTRALINA,LOWFIN , COMPRIMIDOS RECUBIERTOS 50 mg,MINTLAB Co. S.A.,Antidepresivo
IBUPROFENO,PYRIPED FORTE , COMPRIMIDOS RECUBIERTOS 600 mg,MINTLAB Co. S.A.,Analgésico / Antiinflamatorio
IBUPROFENO,IBUPROFENO , COMPRIMIDOS RECUBIERTOS 600 mg,MINTLAB Co. S.A.,Analgésico / Antiinflamatorio
AZITROMICINA,AZITROM , COMPRIMIDOS RECUBIERTOS 500 mg,LABORATORIO CHILE S.A.,Antibiótico
PARACETAMOL,KITADOL , COMPRIMIDOS 500 mg,LABORATORIO CHILE S.A.,Analgésico / Antipirético
AZITROMICINA,AZITROMICINA , COMPRIMIDOS RECUBIERTOS 500 mg,LABORATORIO CHILE S.A.,Antibiótico
OLANZAPINA,OLANVITAE , COMPRIMIDOS RECUBIERTOS 5 mg,GALENICUM HEALTH CHILE S.p.A.,Tratamiento de esquizofrenia
RIBAVIRINA,MODERIBA , COMPRIMIDOS RECUBIERTOS 200 mg,ABBVIE PRODUCTOS FARMACÉUTICOS LTDA.,Tratamiento de Hepatitis C
QUETIAPINA,QURAX , COMPRIMIDOS RECUBIERTOS 25 mg,PHARMA INVESTI DE CHILE S.A.,Trastornos mentales
PARACETAMOL,PARACETAMOL , COMPRIMIDOS 500 mg,LABORATORIOS ANDRÓMACO S.A.,Analgésico / Antipirético
METILFENIDATO,ELEM , COMPRIMIDOS 10 mg,LABORATORIOS ANDRÓMACO S.A.,Estimulante sistema nervioso central
LEVOCETIRIZINA,DEGRALER , COMPRIMIDOS RECUBIERTOS 5 mg,LABORATORIO BAGÓ DE CHILE S.A.,Antialérgico
NARATRIPTAN,BAGOMIGRAL , COMPRIMIDOS RECUBIERTOS 5 mg,LABORATORIO BAGÓ DE CHILE S.A.,Antijaquecoso
OLANZAPINA,OLANVITAE , COMPRIMIDOS RECUBIERTOS 10 mg,GALENICUM HEALTH CHILE S.p.A.,Tratamiento de esquizofrenia
LOSARTÁN,LOSARTÁN POTÁSICO , COMPRIMIDOS RECUBIERTOS 50 mg,ASCEND LABORATORIES S.p.A.,Hipertensión arterial
OLANZAPINA,AMULSIN , COMPRIMIDOS RECUBIERTOS 5 mg,INSTITUTO SANITAS S.A.,Tratamiento de esquizofrenia
FINASTERIDA,VASTUS , COMPRIMIDOS RECUBIERTOS 5 mg,TECNOFARMA S.A.,Hiperplasia Prostática Benigna (HPB)
CEFADROXILO,CEFADROXILO , CÁPSULAS 500 mg,MINTLAB Co. S.A.,Antibiótico
PRAMIPEXOL,PRAMIPEXOL DICLORHIDRATO MONOHIDRATO , COMPRIMIDOS  25 mg,MEDINOVA FARMA LTDA.,Tratamiento de Parkinson
ONDANSETRON,LEVROX , COMPRIMIDOS RECUBIERTOS 8 mg,SYNTHON CHILE LTDA.,Antiemético
LEVETIRACETAM,KREDIT , COMPRIMIDOS RECUBIERTOS 500 mg,PHARMA INVESTI DE CHILE S.A.,Antiepiléptico - Estabilizador del estado de ánimo
VALSARTÁN,VALSARTÁN , COMPRIMIDOS RECUBIERTOS 320 mg,EUROMED CHILE S.A.,Hipertensión arterial
LEVOFLOXACINO,AUXXIL , COMPRIMIDOS RECUBIERTOS  500 mg,LABORATORIO CHILE S.A.,Antibiótico
LEVOFLOXACINO,LEVOFLOXACINO , COMPRIMIDOS RECUBIERTOS  500 mg,LABORATORIO CHILE S.A.,Antibiótico
FLUCONAZOL,FLUCONAZOL , CÁPSULAS 150 mg,INTERPHARMA S.A.,Antifúngico
CICLOBENZAPRINA,NOSTADEN , COMPRIMIDOS RECUBIERTOS 5 mg.,MINTLAB Co. S.A.,Relajante muscular
LEVOFLOXACINO,AUXXIL , COMPRIMIDOS RECUBIERTOS  750 mg,LABORATORIO CHILE S.A.,Antibiótico
ATORVASTATINA,ATORVASTATINA , COMPRIMIDOS RECUBIERTOS 20 mg,SYNTHON CHILE LTDA.,Disminución del colesterol
DOXICICLINA,DOXICICLINA , COMPRIMIDOS 100 mg,LABORATORIO CHILE S.A.,Antibiótico
FLUOXETINA,FLUOXETINA , COMPRIMIDOS 20 mg,LABORATORIO CHILE S.A.,Antidepresivo
FLUOXETINA,SOSTAC , COMPRIMIDOS 20 mg,LABORATORIO CHILE S.A.,Antidepresivo
FINASTERIDA,LAMBDAXEL , COMPRIMIDOS RECUBIERTOS 1 mg,ISDIN CHILE LTDA.,Hiperplasia Prostática Benigna (HPB)
AZITROMICINA,TREX , COMPRIMIDOS RECUBIERTOS 500 mg,LABORATORIOS SAVAL S.A.,Antibiótico
SILDENAFIL,ZILFIC , COMPRIMIDOS RECUBIERTOS 50 mg,MINTLAB Co. S.A.,Tratamiento de la Disfunción Eréctil
SILDENAFIL,SILDENAFILO , COMPRIMIDOS RECUBIERTOS 50 mg,MINTLAB Co. S.A.,Tratamiento de la Disfunción Eréctil
LEVETIRACETAM,CEUMID , COMPRIMIDOS RECUBIERTOS 500 mg,PHARMA INVESTI DE CHILE S.A.,Antiepiléptico - Estabilizador del estado de ánimo
LEVONORGESTREL,ANULIT , COMPRIMIDOS RECUBIERTOS ,LABORATORIOS SILESIA S.A.,Anticonceptivo
GABAPENTINA,GABEX , COMPRIMIDOS RECUBIERTOS 600 mg,LABORATORIOS ANDRÓMACO S.A.,Antiepiléptico - Dolores neurólgicos
FEXOFENADINA,ALEXIA , COMPRIMIDOS RECUBIERTOS 120 mg,LABORATORIOS SAVAL S.A.,Antialérgico
PARACETAMOL,PARACETAMOL , COMPRIMIDOS 500 mg,LABORATORIO MAVER S.A.,Analgésico / Antipirético
PARACETAMOL,TAPSIN PURO SIN CAFEÍNA , COMPRIMIDOS 500 mg,LABORATORIO MAVER S.A.,Analgésico / Antipirético
ESPIRONOLACTONA,ESPIRONOLACTONA , COMPRIMIDOS 25 mg,LABORATORIOS ANDRÓMACO S.A.,Diurético
ETINILESTRADIOL / DROSPIRENONA,LADEE , COMPRIMIDOS RECUBIERTOS ,EXELTIS CHILE S.P.A.,Anticonceptivo
ETINILESTRADIOL / DROSPIRENONA,LADEE , COMPRIMIDOS RECUBIERTOS ,EXELTIS CHILE S.P.A.,Anticonceptivo
AZITROMICINA,AZITROMICINA , COMPRIMIDOS RECUBIERTOS 500 mg,BLUEPHARMA CHILE S.P.A.,Antibiótico
CETIRIZINA,ALERTOP , COMPRIMIDOS RECUBIERTOS 10 mg,LABORATORIO CHILE S.A.,Antialérgico
CETIRIZINA,CETIRIZINA DICLORHIDRATO , COMPRIMIDOS RECUBIERTOS 10 mg,LABORATORIO CHILE S.A.,Antialérgico
LORATADINA,LORATADINA , COMPRIMIDOS 10 mg,LABORATORIO CHILE S.A.,Antialérgico
IBUPROFENO,IBUPROFENO , COMPRIMIDOS RECUBIERTOS 400 mg,EUROMED CHILE S.A.,Analgésico / Antiinflamatorio
OLMESARTÁN+HIDROCLOROTIAZIDA,OLMESARTAN MEDOXOMILO / HIDROCLOROTIAZIDA 40/25 , COMPRIMIDOS RECUBIERTOS,EUROMED CHILE S.A.,Hipertensión arterial
ATORVASTATINA,ATORVASTATINA , COMPRIMIDOS RECUBIERTOS 10 mg,SYNTHON  CHILE LTDA.,Disminución del colesterol
AMOXICILINA+CLAVULÁNICO,MAXIMOX 875/125 , COMPRIMIDOS RECUBIERTOS,LABORATORIO PASTEUR S.A.,Antibiótico
HIDROCLOROTIAZIDA,HIDROCLOROTIAZIDA , COMPRIMIDOS 50 mg,LABORATORIO MAVER S.A.,Diurético
LEVOCETIRIZINA,LEVORIGOTAX , COMPRIMIDOS RECUBIERTOS 5 mg,LABORATORIOS PRATER S.A.,Antialérgico
PROPANOLOL,PROPRANOLOL CLORHIDRATO , COMPRIMIDOS 10 mg,MINTLAB Co. S.A.,Hipertensión arterial
PROPANOLOL,PROPRANOLOL CLORHIDRATO , COMPRIMIDOS 40 mg,MINTLAB  CO. S.A.,Hipertensión arterial
OLMESARTÁN+HIDROCLOROTIAZIDA,OLMESARTAN MEDOXOMILO / HIDROCLOROTIAZIDA 20/12 , COMPRIMIDOS RECUBIERTOS,ASCEND LABORATORIES SpA,Hipertensión arterial
OLMESARTÁN+HIDROCLOROTIAZIDA,OLMESARTAN MEDOXOMILO / HIDROCLOROTIAZIDA 40/25 , COMPRIMIDOS RECUBIERTOS,ASCEND LABORATORIES SpA,Hipertensión arterial
OLMESARTÁN+HIDROCLOROTIAZIDA,OLMESARTAN MEDOXOMILO / HIDROCLOROTIAZIDA 40/12 , COMPRIMIDOS RECUBIERTOS,ASCEND LABORATORIES SpA,Hipertensión arterial
ZOPICLONA,ZOPICLONA , COMPRIMIDOS RECUBIERTOS 5 mg,INTERPHARMA S.A.,Inductor del sueño
ZOPICLONA,NOCTIDEM , COMPRIMIDOS RECUBIERTOS 7 mg,INTERPHARMA S.A.,Inductor del sueño
LEVOFLOXACINO,QUINOBIOT , COMPRIMIDOS RECUBIERTOS 500 mg,LABORATORIOS ANDRÓMACO S.A.,Antibiótico
LEVOFLOXACINO,QUINOBIOT , COMPRIMIDOS RECUBIERTOS 750 mg,LABORATORIOS ANDRÓMACO S.A.,Antibiótico
AMOXICILINA+CLAVULÁNICO,CLAVINEX DUO 875/125 , COMPRIMIDOS RECUBIERTOS,LABORATORIOS SAVAL S.A.,Antibiótico
NAPROXENO,EUROGESIC ADULTO FORTE , COMPRIMIDOS RECUBIERTOS 550 mg,EUROLAB LTDA.,Analgésico / Antiinflamatorio
RISPERIDONA,RISPOLUX , COMPRIMIDOS RECUBIERTOS 4 mg,NOVARTIS CHILE S.A.,Trastornos mentales
IBUPROFENO,NUROFEN EXPRESS , CÁPSULAS BLANDAS 200 mg,RECKITT BENCKISER CHILE S.A.,Analgésico / Antiinflamatorio
DULOXETINA,DULOXETINA , CÁPSULAS CON  GRÁNULOS  CON RECUBRIMIENTO ENTÉRICO 30 mg,ASCEND LABORATORIES SpA,Antidepresivo
LINEZOLIDA,LINEZET , COMPRIMIDOS RECUBIERTOS 600 mg,SYNTHON CHILE LTDA,Antibiótico
DULOXETINA,DULOXETINA , CÁPSULAS CON GRÁNULOS CON RECUBRIMIENTO ENTÉRICO 60 mg,ASCEND LABORATORIES SpA,Antidepresivo
CELECOXIB,ARTREXIB , CÁPSULAS 200 mg,NOVARTIS CHILE S.A.,Analgésico / Antiinflamatorio
NAPROXENO,EUROGESIC ADULTO , COMPRIMIDOS RECUBIERTOS 275 mg,EUROLAB LTDA.,Analgésico / Antiinflamatorio
FLUCONAZOL,FELSOL , CÁPSULAS 150 mg,LABORATORIO PASTEUR S.A.,Antifúngico
RISPERIDONA,SPIRON , COMPRIMIDOS RECUBIERTOS 2 mg,LABORATORIOS ANDRÓMACO S.A.,Trastornos mentales
CLOPIDOGREL, CLOPIVITAE , COMPRIMIDOS RECUBIERTOS 75mg,GALENICUM HEALTH CHILE S.p.A.,Antiagregante plaquetario
PRAMIPEXOL,PRAMIPEXOL DICLORHIDRATO MONOHIDRATO , COMPRIMIDOS 1 mg,MEDINOVA FARMA LTDA.,Tratamiento de Parkinson
VENLAFAXINA,VENLAVITAE , CÁPSULAS CON COMPRIMIDOS RECUBIERTOS DE LIBERACIÓN PROLONGADA 75 mg,GALENICUM HEALTH CHILE S.p.A.,Antidepresivo
VENLAFAXINA,VENLAVITAE , CÁPSULAS CON COMPRIMIDOS RECUBIERTOS DE LIBERACIÓN PROLONGADA 150 mg,GALENICUM HEALTH CHILE S.p.A.,Antidepresivo
MONTELUKAST,MONTELUKAST , COMPRIMIDOS RECUBIERTOS 10 mg,NOVARTIS CHILE S.A.,Antialérgico - Antiasmático
CELECOXIB,ARGIUM , CÁPSULAS 200 mg,LABORATORIO CHILE S.A.,Analgésico / Antiinflamatorio
METILFENIDATO,RITALIN LA , CÁPSULAS CON GRÁNULOS DE LIBERACION REPETIDA 10 mg,NOVARTIS CHILE S.A.,Estimulante sistema nervioso central
METILFENIDATO,RITALIN  LA , CÁPSULAS CON GRÁNULOS DE LIBERACIÓN REPETIDA 40 mg,NOVARTIS CHILE S.A.,Estimulante sistema nervioso central
METILFENIDATO,RITALIN LA , CÁPSULAS CON GRÁNULOS DE LIBERACIÓN REPETIDA 20 mg,NOVARTIS CHILE S.A.,Estimulante sistema nervioso central
METILFENIDATO,RITALIN LA , CÁPSULAS CON GRÁNULOS DE LIBERACIÓN REPETIDA 30 mg,NOVARTIS CHILE S.A.,Estimulante sistema nervioso central
ESCITALOPRAM,ECTIBAN , COMPRIMIDOS RECUBIERTOS 20 mg,LABORATORIO CHILE S.A.,Antidepresivo
PREGABALINA,PREGOBIN , CÁPSULAS 75 mg,LABORATORIOS RECALCINE S.A.,Antiepiléptico - Dolores neurólgicos
RITONAVIR+LOPINAVIR,LOPINAVIR / RITONAVIR 200/50 , COMPRIMIDOS RECUBIERTOS,SEVEN PHARMA CHILE S.p.A.,tratamiento de VIH/SIDA
LAMIVUDINA + ZIDOVUDINA,LAMIVUDINA/ZIDOVUDINA 150/300 , COMPRIMIDOS RECUBIERTOS,SEVEN PHARMA CHILE S.p.A.,tratamiento de VIH/SIDA
ZIDOVUDINA,ZIDOVUDINA , COMPRIMIDOS RECUBIERTOS 300 mg,SEVEN PHARMA CHILE S.p.A.,tratamiento de VIH/SIDA
PREGABALINA,PREGOBIN ODT , COMPRIMIDOS DISPERSABLES 25 mg,LABORATORIOS RECALCINE S.A.,Antiepiléptico - Dolores neurólgicos
TADALAFILO,TADALAFILO , COMPRIMIDOS RECUBIERTOS 20 mg,LABORATORIOS EUROMED CHILE S.A.,Tratamiento de la Disfunción Eréctil
MOXIFLOXACINO,MOXICINO , COMPRIMIDOS RECUBIERTOS 400 mg,LABORATORIOS ANDRÓMACO S.A.,Antibiótico
CICLOBENZAPRINA,CICLOBENZAPRINA CLORHIDRATO , COMPRIMIDOS RECUBIERTOS 10 mg,LABORATORIO CHILE S.A,Relajante muscular
SILDENAFIL,SEGUREX 100 , COMPRIMIDOS RECUBIERTOS 100 mg, GADOR LTDA.,Tratamiento de la Disfunción Eréctil
SILDENAFIL,SELERUP 100 , COMPRIMIDOS RECUBIERTOS 100 mg, GADOR LTDA.,Tratamiento de la Disfunción Eréctil
TAMSULOSINA,SULIX L.C. , COMPRIMIDOS DE LIBERACIÓN PROLONGADA 4 mg,SYNTHON CHILE LTDA.,Cáncer de próstata
SERTRALINA,SERTRALINA , COMPRIMIDOS RECUBIERTOS 50 mg,OPKO CHILE S.A.,Antidepresivo
VALSARTÁN,VALAPLEX , COMPRIMIDOS RECUBIERTOS 80 mg,LABORATORIO CHILE S.A,Hipertensión arterial
DIENOGEST+ETINILESTRADIOL,DANIELE , COMPRIMIDOS RECUBIERTOS,EXELTIS CHILE S.p.A.,Anticonceptivo
PREGABALINA,PREGOBIN ODT , COMPRIMIDOS DISPERSABLES 50 mg,LABORATORIOS RECALCINE S.A.,Antiepiléptico - Dolores neurólgicos
DOMPERIDONA,DOMPERIDONA , CÁPSULAS 10 mg,LABORATORIO CHILE S.A.,Antiemético
CLORMADINONA+ETINILESTRADIOL,VIORA , COMPRIMIDOS RECUBIERTOS,EXELTIS CHILE S.p.A.,Anticonceptivo
DIENOGEST,DALGIET , COMPRIMIDOS 2 mg,EXELTIS CHILE S.p.A.,Anticonceptivo
LEVODOPA+BENSERAZIDA,MADOZIDE 200/50  , COMPRIMIDOS,LABORATORIO CHILE S.A,Tratamiento de Parkinson
